0.jpg	3	5
1.jpg	3	20
2.jpg	13	1
3.jpg	13	6
4.jpg	13	9
5.jpg	13	15
6.jpg	13	17
7.jpg	13	18
8.jpg	13	20
9.jpg	4	2
10.jpg	4	7
11.jpg	4	11
12.jpg	5	8
13.jpg	7	1
14.jpg	7	20
15.jpg	8	6
16.jpg	8	9
17.jpg	10	20
18.jpg	11	14
19.jpg	13	16
20.jpg	3	5
21.jpg	3	20
22.jpg	13	1
23.jpg	13	6
24.jpg	13	9
25.jpg	13	15
26.jpg	13	17
27.jpg	13	18
28.jpg	13	20
29.jpg	4	2
30.jpg	4	7
31.jpg	4	11
32.jpg	5	8
33.jpg	7	1
34.jpg	7	20
35.jpg	8	6
36.jpg	8	9
37.jpg	10	20
38.jpg	11	14
39.jpg	13	16
40.jpg	3	5
41.jpg	3	20
42.jpg	13	1
43.jpg	13	6
44.jpg	13	9
45.jpg	13	15
46.jpg	13	17
47.jpg	13	18
48.jpg	13	20
49.jpg	4	2
50.jpg	4	7
51.jpg	4	11
52.jpg	5	8
53.jpg	7	1
54.jpg	7	20
55.jpg	8	6
56.jpg	8	9
57.jpg	10	20
58.jpg	11	14
59.jpg	13	16
60.jpg	3	5
61.jpg	3	20
62.jpg	13	1
63.jpg	13	6
64.jpg	13	9
65.jpg	13	15
66.jpg	13	17
67.jpg	13	18
68.jpg	13	20
69.jpg	4	2
70.jpg	4	7
71.jpg	4	11
72.jpg	5	8
73.jpg	7	1
74.jpg	7	20
75.jpg	8	6
76.jpg	8	9
77.jpg	10	20
78.jpg	11	14
79.jpg	13	16
80.jpg	3	5
81.jpg	3	20
82.jpg	13	1
83.jpg	13	6
84.jpg	13	9
85.jpg	13	15
86.jpg	13	17
87.jpg	13	18
88.jpg	13	20
89.jpg	4	2
90.jpg	4	7
91.jpg	4	11
92.jpg	5	8
93.jpg	7	1
94.jpg	7	20
95.jpg	8	6
96.jpg	8	9
97.jpg	10	20
98.jpg	11	14
99.jpg	13	16
100.jpg	3	5
101.jpg	3	20
102.jpg	13	1
103.jpg	13	6
104.jpg	13	9
105.jpg	13	15
106.jpg	13	17
107.jpg	13	18
108.jpg	13	20
109.jpg	4	2
110.jpg	4	7
111.jpg	4	11
112.jpg	5	8
113.jpg	7	1
114.jpg	7	20
115.jpg	8	6
116.jpg	8	9
117.jpg	10	20
118.jpg	11	14
119.jpg	13	16
120.jpg	3	5
121.jpg	3	20
122.jpg	13	1
123.jpg	13	6
124.jpg	13	9
125.jpg	13	15
126.jpg	13	17
127.jpg	13	18
128.jpg	13	20
129.jpg	4	2
130.jpg	4	7
131.jpg	4	11
132.jpg	5	8
133.jpg	7	1
134.jpg	7	20
135.jpg	8	6
136.jpg	8	9
137.jpg	10	20
138.jpg	11	14
139.jpg	13	16
140.jpg	3	5
141.jpg	3	20
142.jpg	13	1
143.jpg	13	6
144.jpg	13	9
145.jpg	13	15
146.jpg	13	17
147.jpg	13	18
148.jpg	13	20
149.jpg	4	2
150.jpg	4	7
151.jpg	4	11
152.jpg	5	8
153.jpg	7	1
154.jpg	7	20
155.jpg	8	6
156.jpg	8	9
157.jpg	10	20
158.jpg	11	14
159.jpg	13	16
160.jpg	3	5
161.jpg	3	20
162.jpg	13	1
163.jpg	13	6
164.jpg	13	9
165.jpg	13	15
166.jpg	13	17
167.jpg	13	18
168.jpg	13	20
169.jpg	4	2
170.jpg	4	7
171.jpg	4	11
172.jpg	5	8
173.jpg	7	1
174.jpg	7	20
175.jpg	8	6
176.jpg	8	9
177.jpg	10	20
178.jpg	11	14
179.jpg	13	16
180.jpg	3	5
181.jpg	3	20
182.jpg	13	1
183.jpg	13	6
184.jpg	13	9
185.jpg	13	15
186.jpg	13	17
187.jpg	13	18
188.jpg	13	20
189.jpg	4	2
190.jpg	4	7
191.jpg	4	11
192.jpg	5	8
193.jpg	7	1
194.jpg	7	20
195.jpg	8	6
196.jpg	8	9
197.jpg	10	20
198.jpg	11	14
199.jpg	13	16
200.jpg	3	5
201.jpg	3	20
202.jpg	13	1
203.jpg	13	6
204.jpg	13	9
205.jpg	13	15
206.jpg	13	17
207.jpg	13	18
208.jpg	13	20
209.jpg	4	2
210.jpg	4	7
211.jpg	4	11
212.jpg	5	8
213.jpg	7	1
214.jpg	7	20
215.jpg	8	6
216.jpg	8	9
217.jpg	10	20
218.jpg	11	14
219.jpg	13	16
220.jpg	3	5
221.jpg	3	20
222.jpg	13	1
223.jpg	13	6
224.jpg	13	9
225.jpg	13	15
226.jpg	13	17
227.jpg	13	18
228.jpg	13	20
229.jpg	4	2
230.jpg	4	7
231.jpg	4	11
232.jpg	5	8
233.jpg	7	1
234.jpg	7	20
235.jpg	8	6
236.jpg	8	9
237.jpg	10	20
238.jpg	11	14
239.jpg	13	16
240.jpg	3	5
241.jpg	3	20
242.jpg	13	1
243.jpg	13	6
244.jpg	13	9
245.jpg	13	15
246.jpg	13	17
247.jpg	13	18
248.jpg	13	20
249.jpg	4	2
250.jpg	4	7
251.jpg	4	11
252.jpg	5	8
253.jpg	7	1
254.jpg	7	20
255.jpg	8	6
256.jpg	8	9
257.jpg	10	20
258.jpg	11	14
259.jpg	13	16
260.jpg	3	5
261.jpg	3	20
262.jpg	13	1
263.jpg	13	6
264.jpg	13	9
265.jpg	13	15
266.jpg	13	17
267.jpg	13	18
268.jpg	13	20
269.jpg	4	2
270.jpg	4	7
271.jpg	4	11
272.jpg	5	8
273.jpg	7	1
274.jpg	7	20
275.jpg	8	6
276.jpg	8	9
277.jpg	10	20
278.jpg	11	14
279.jpg	13	16
280.jpg	3	5
281.jpg	3	20
282.jpg	13	1
283.jpg	13	6
284.jpg	13	9
285.jpg	13	15
286.jpg	13	17
287.jpg	13	18
288.jpg	13	20
289.jpg	4	2
290.jpg	4	7
291.jpg	4	11
292.jpg	5	8
293.jpg	7	1
294.jpg	7	20
295.jpg	8	6
296.jpg	8	9
297.jpg	10	20
298.jpg	11	14
299.jpg	13	16
300.jpg	3	5
301.jpg	3	20
302.jpg	13	1
303.jpg	13	6
304.jpg	13	9
305.jpg	13	15
306.jpg	13	17
307.jpg	13	18
308.jpg	13	20
309.jpg	4	2
310.jpg	4	7
311.jpg	4	11
312.jpg	5	8
313.jpg	7	1
314.jpg	7	20
315.jpg	8	6
316.jpg	8	9
317.jpg	10	20
318.jpg	11	14
319.jpg	13	16
320.jpg	3	5
321.jpg	3	20
322.jpg	13	1
323.jpg	13	6
324.jpg	13	9
325.jpg	13	15
326.jpg	13	17
327.jpg	13	18
328.jpg	13	20
329.jpg	4	2
330.jpg	4	7
331.jpg	4	11
332.jpg	5	8
333.jpg	7	1
334.jpg	7	20
335.jpg	8	6
336.jpg	8	9
337.jpg	10	20
338.jpg	11	14
339.jpg	13	16
340.jpg	3	5
341.jpg	3	20
342.jpg	13	1
343.jpg	13	6
344.jpg	13	9
345.jpg	13	15
346.jpg	13	17
347.jpg	13	18
348.jpg	13	20
349.jpg	4	2
350.jpg	4	7
351.jpg	4	11
352.jpg	5	8
353.jpg	7	1
354.jpg	7	20
355.jpg	8	6
356.jpg	8	9
357.jpg	10	20
358.jpg	11	14
359.jpg	13	16
360.jpg	3	5
361.jpg	3	20
362.jpg	13	1
363.jpg	13	6
364.jpg	13	9
365.jpg	13	15
366.jpg	13	17
367.jpg	13	18
368.jpg	13	20
369.jpg	4	2
370.jpg	4	7
371.jpg	4	11
372.jpg	5	8
373.jpg	7	1
374.jpg	7	20
375.jpg	8	6
376.jpg	8	9
377.jpg	10	20
378.jpg	11	14
379.jpg	13	16
380.jpg	3	5
381.jpg	3	20
382.jpg	13	1
383.jpg	13	6
384.jpg	13	9
385.jpg	13	15
386.jpg	13	17
387.jpg	13	18
388.jpg	13	20
389.jpg	4	2
390.jpg	4	7
391.jpg	4	11
392.jpg	5	8
393.jpg	7	1
394.jpg	7	20
395.jpg	8	6
396.jpg	8	9
397.jpg	10	20
398.jpg	11	14
399.jpg	13	16
400.jpg	3	5
401.jpg	3	20
402.jpg	13	1
403.jpg	13	6
404.jpg	13	9
405.jpg	13	15
406.jpg	13	17
407.jpg	13	18
408.jpg	13	20
409.jpg	4	2
410.jpg	4	7
411.jpg	4	11
412.jpg	5	8
413.jpg	7	1
414.jpg	7	20
415.jpg	8	6
416.jpg	8	9
417.jpg	10	20
418.jpg	11	14
419.jpg	13	16
420.jpg	3	5
421.jpg	3	20
422.jpg	13	1
423.jpg	13	6
424.jpg	13	9
425.jpg	13	15
426.jpg	13	17
427.jpg	13	18
428.jpg	13	20
429.jpg	4	2
430.jpg	4	7
431.jpg	4	11
432.jpg	5	8
433.jpg	7	1
434.jpg	7	20
435.jpg	8	6
436.jpg	8	9
437.jpg	10	20
438.jpg	11	14
439.jpg	13	16
440.jpg	3	5
441.jpg	3	20
442.jpg	13	1
443.jpg	13	6
444.jpg	13	9
445.jpg	13	15
446.jpg	13	17
447.jpg	13	18
448.jpg	13	20
449.jpg	4	2
450.jpg	4	7
451.jpg	4	11
452.jpg	5	8
453.jpg	7	1
454.jpg	7	20
455.jpg	8	6
456.jpg	8	9
457.jpg	10	20
458.jpg	11	14
459.jpg	13	16
460.jpg	3	5
461.jpg	3	20
462.jpg	13	1
463.jpg	13	6
464.jpg	13	9
465.jpg	13	15
466.jpg	13	17
467.jpg	13	18
468.jpg	13	20
469.jpg	4	2
470.jpg	4	7
471.jpg	4	11
472.jpg	5	8
473.jpg	7	1
474.jpg	7	20
475.jpg	8	6
476.jpg	8	9
477.jpg	10	20
478.jpg	11	14
479.jpg	13	16
480.jpg	3	5
481.jpg	3	20
482.jpg	13	1
483.jpg	13	6
484.jpg	13	9
485.jpg	13	15
486.jpg	13	17
487.jpg	13	18
488.jpg	13	20
489.jpg	4	2
490.jpg	4	7
491.jpg	4	11
492.jpg	5	8
493.jpg	7	1
494.jpg	7	20
495.jpg	8	6
496.jpg	8	9
497.jpg	10	20
498.jpg	11	14
499.jpg	13	16
500.jpg	3	5
501.jpg	3	20
502.jpg	13	1
503.jpg	13	6
504.jpg	13	9
505.jpg	13	15
506.jpg	13	17
507.jpg	13	18
508.jpg	13	20
509.jpg	4	2
510.jpg	4	7
511.jpg	4	11
512.jpg	5	8
513.jpg	7	1
514.jpg	7	20
515.jpg	8	6
516.jpg	8	9
517.jpg	10	20
518.jpg	11	14
519.jpg	13	16
520.jpg	3	5
521.jpg	3	20
522.jpg	13	1
523.jpg	13	6
524.jpg	13	9
525.jpg	13	15
526.jpg	13	17
527.jpg	13	18
528.jpg	13	20
529.jpg	4	2
530.jpg	4	7
531.jpg	4	11
532.jpg	5	8
533.jpg	7	1
534.jpg	7	20
535.jpg	8	6
536.jpg	8	9
537.jpg	10	20
538.jpg	11	14
539.jpg	13	16
540.jpg	3	5
541.jpg	3	20
542.jpg	13	1
543.jpg	13	6
544.jpg	13	9
545.jpg	13	15
546.jpg	13	17
547.jpg	13	18
548.jpg	13	20
549.jpg	4	2
550.jpg	4	7
551.jpg	4	11
552.jpg	5	8
553.jpg	7	1
554.jpg	7	20
555.jpg	8	6
556.jpg	8	9
557.jpg	10	20
558.jpg	11	14
559.jpg	13	16
560.jpg	3	5
561.jpg	3	20
562.jpg	13	1
563.jpg	13	6
564.jpg	13	9
565.jpg	13	15
566.jpg	13	17
567.jpg	13	18
568.jpg	13	20
569.jpg	4	2
570.jpg	4	7
571.jpg	4	11
572.jpg	5	8
573.jpg	7	1
574.jpg	7	20
575.jpg	8	6
576.jpg	8	9
577.jpg	10	20
578.jpg	11	14
579.jpg	13	16
580.jpg	3	5
581.jpg	3	20
582.jpg	13	1
583.jpg	13	6
584.jpg	13	9
585.jpg	13	15
586.jpg	13	17
587.jpg	13	18
588.jpg	13	20
589.jpg	4	2
590.jpg	4	7
591.jpg	4	11
592.jpg	5	8
593.jpg	7	1
594.jpg	7	20
595.jpg	8	6
596.jpg	8	9
597.jpg	10	20
598.jpg	11	14
599.jpg	13	16
600.jpg	3	5
601.jpg	3	20
602.jpg	13	1
603.jpg	13	6
604.jpg	13	9
605.jpg	13	15
606.jpg	13	17
607.jpg	13	18
608.jpg	13	20
609.jpg	4	2
610.jpg	4	7
611.jpg	4	11
612.jpg	5	8
613.jpg	7	1
614.jpg	7	20
615.jpg	8	6
616.jpg	8	9
617.jpg	10	20
618.jpg	11	14
619.jpg	13	16
620.jpg	3	5
621.jpg	3	20
622.jpg	13	1
623.jpg	13	6
624.jpg	13	9
625.jpg	13	15
626.jpg	13	17
627.jpg	13	18
628.jpg	13	20
629.jpg	4	2
630.jpg	4	7
631.jpg	4	11
632.jpg	5	8
633.jpg	7	1
634.jpg	7	20
635.jpg	8	6
636.jpg	8	9
637.jpg	10	20
638.jpg	11	14
639.jpg	13	16
640.jpg	3	5
641.jpg	3	20
642.jpg	13	1
643.jpg	13	6
644.jpg	13	9
645.jpg	13	15
646.jpg	13	17
647.jpg	13	18
648.jpg	13	20
649.jpg	4	2
650.jpg	4	7
651.jpg	4	11
652.jpg	5	8
653.jpg	7	1
654.jpg	7	20
655.jpg	8	6
656.jpg	8	9
657.jpg	10	20
658.jpg	11	14
659.jpg	13	16
660.jpg	3	5
661.jpg	3	20
662.jpg	13	1
663.jpg	13	6
664.jpg	13	9
665.jpg	13	15
666.jpg	13	17
667.jpg	13	18
668.jpg	13	20
669.jpg	4	2
670.jpg	4	7
671.jpg	4	11
672.jpg	5	8
673.jpg	7	1
674.jpg	7	20
675.jpg	8	6
676.jpg	8	9
677.jpg	10	20
678.jpg	11	14
679.jpg	13	16
680.jpg	3	5
681.jpg	3	20
682.jpg	13	1
683.jpg	13	6
684.jpg	13	9
685.jpg	13	15
686.jpg	13	17
687.jpg	13	18
688.jpg	13	20
689.jpg	4	2
690.jpg	4	7
691.jpg	4	11
692.jpg	5	8
693.jpg	7	1
694.jpg	7	20
695.jpg	8	6
696.jpg	8	9
697.jpg	10	20
698.jpg	11	14
699.jpg	13	16
700.jpg	3	5
701.jpg	3	20
702.jpg	13	1
703.jpg	13	6
704.jpg	13	9
705.jpg	13	15
706.jpg	13	17
707.jpg	13	18
708.jpg	13	20
709.jpg	4	2
710.jpg	4	7
711.jpg	4	11
712.jpg	5	8
713.jpg	7	1
714.jpg	7	20
715.jpg	8	6
716.jpg	8	9
717.jpg	10	20
718.jpg	11	14
719.jpg	13	16
720.jpg	3	5
721.jpg	3	20
722.jpg	13	1
723.jpg	13	6
724.jpg	13	9
725.jpg	13	15
726.jpg	13	17
727.jpg	13	18
728.jpg	13	20
729.jpg	4	2
730.jpg	4	7
731.jpg	4	11
732.jpg	5	8
733.jpg	7	1
734.jpg	7	20
735.jpg	8	6
736.jpg	8	9
737.jpg	10	20
738.jpg	11	14
739.jpg	13	16
740.jpg	3	5
741.jpg	3	20
742.jpg	13	1
743.jpg	13	6
744.jpg	13	9
745.jpg	13	15
746.jpg	13	17
747.jpg	13	18
748.jpg	13	20
749.jpg	4	2
750.jpg	4	7
751.jpg	4	11
752.jpg	5	8
753.jpg	7	1
754.jpg	7	20
755.jpg	8	6
756.jpg	8	9
757.jpg	10	20
758.jpg	11	14
759.jpg	13	16
760.jpg	3	5
761.jpg	3	20
762.jpg	13	1
763.jpg	13	6
764.jpg	13	9
765.jpg	13	15
766.jpg	13	17
767.jpg	13	18
768.jpg	13	20
769.jpg	4	2
770.jpg	4	7
771.jpg	4	11
772.jpg	5	8
773.jpg	7	1
774.jpg	7	20
775.jpg	8	6
776.jpg	8	9
777.jpg	10	20
778.jpg	11	14
779.jpg	13	16
780.jpg	3	5
781.jpg	3	20
782.jpg	13	1
783.jpg	13	6
784.jpg	13	9
785.jpg	13	15
786.jpg	13	17
787.jpg	13	18
788.jpg	13	20
789.jpg	4	2
790.jpg	4	7
791.jpg	4	11
792.jpg	5	8
793.jpg	7	1
794.jpg	7	20
795.jpg	8	6
796.jpg	8	9
797.jpg	10	20
798.jpg	11	14
799.jpg	13	16
800.jpg	3	5
801.jpg	3	20
802.jpg	13	1
803.jpg	13	6
804.jpg	13	9
805.jpg	13	15
806.jpg	13	17
807.jpg	13	18
808.jpg	13	20
809.jpg	4	2
810.jpg	4	7
811.jpg	4	11
812.jpg	5	8
813.jpg	7	1
814.jpg	7	20
815.jpg	8	6
816.jpg	8	9
817.jpg	10	20
818.jpg	11	14
819.jpg	13	16
820.jpg	3	5
821.jpg	3	20
822.jpg	13	1
823.jpg	13	6
824.jpg	13	9
825.jpg	13	15
826.jpg	13	17
827.jpg	13	18
828.jpg	13	20
829.jpg	4	2
830.jpg	4	7
831.jpg	4	11
832.jpg	5	8
833.jpg	7	1
834.jpg	7	20
835.jpg	8	6
836.jpg	8	9
837.jpg	10	20
838.jpg	11	14
839.jpg	13	16
840.jpg	3	5
841.jpg	3	20
842.jpg	13	1
843.jpg	13	6
844.jpg	13	9
845.jpg	13	15
846.jpg	13	17
847.jpg	13	18
848.jpg	13	20
849.jpg	4	2
850.jpg	4	7
851.jpg	4	11
852.jpg	5	8
853.jpg	7	1
854.jpg	7	20
855.jpg	8	6
856.jpg	8	9
857.jpg	10	20
858.jpg	11	14
859.jpg	13	16
860.jpg	3	5
861.jpg	3	20
862.jpg	13	1
863.jpg	13	6
864.jpg	13	9
865.jpg	13	15
866.jpg	13	17
867.jpg	13	18
868.jpg	13	20
869.jpg	4	2
870.jpg	4	7
871.jpg	4	11
872.jpg	5	8
873.jpg	7	1
874.jpg	7	20
875.jpg	8	6
876.jpg	8	9
877.jpg	10	20
878.jpg	11	14
879.jpg	13	16
880.jpg	3	5
881.jpg	3	20
882.jpg	13	1
883.jpg	13	6
884.jpg	13	9
885.jpg	13	15
886.jpg	13	17
887.jpg	13	18
888.jpg	13	20
889.jpg	4	2
890.jpg	4	7
891.jpg	4	11
892.jpg	5	8
893.jpg	7	1
894.jpg	7	20
895.jpg	8	6
896.jpg	8	9
897.jpg	10	20
898.jpg	11	14
899.jpg	13	16
900.jpg	3	5
901.jpg	3	20
902.jpg	13	1
903.jpg	13	6
904.jpg	13	9
905.jpg	13	15
906.jpg	13	17
907.jpg	13	18
908.jpg	13	20
909.jpg	4	2
910.jpg	4	7
911.jpg	4	11
912.jpg	5	8
913.jpg	7	1
914.jpg	7	20
915.jpg	8	6
916.jpg	8	9
917.jpg	10	20
918.jpg	11	14
919.jpg	13	16
920.jpg	3	5
921.jpg	3	20
922.jpg	13	1
923.jpg	13	6
924.jpg	13	9
925.jpg	13	15
926.jpg	13	17
927.jpg	13	18
928.jpg	13	20
929.jpg	4	2
930.jpg	4	7
931.jpg	4	11
932.jpg	5	8
933.jpg	7	1
934.jpg	7	20
935.jpg	8	6
936.jpg	8	9
937.jpg	10	20
938.jpg	11	14
939.jpg	13	16
940.jpg	3	5
941.jpg	3	20
942.jpg	13	1
943.jpg	13	6
944.jpg	13	9
945.jpg	13	15
946.jpg	13	17
947.jpg	13	18
948.jpg	13	20
949.jpg	4	2
950.jpg	4	7
951.jpg	4	11
952.jpg	5	8
953.jpg	7	1
954.jpg	7	20
955.jpg	8	6
956.jpg	8	9
957.jpg	10	20
958.jpg	11	14
959.jpg	13	16
960.jpg	3	5
961.jpg	3	20
962.jpg	13	1
963.jpg	13	6
964.jpg	13	9
965.jpg	13	15
966.jpg	13	17
967.jpg	13	18
968.jpg	13	20
969.jpg	4	2
970.jpg	4	7
971.jpg	4	11
972.jpg	5	8
973.jpg	7	1
974.jpg	7	20
975.jpg	8	6
976.jpg	8	9
977.jpg	10	20
978.jpg	11	14
979.jpg	13	16
980.jpg	3	5
981.jpg	3	20
982.jpg	13	1
983.jpg	13	6
984.jpg	13	9
985.jpg	13	15
986.jpg	13	17
987.jpg	13	18
988.jpg	13	20
989.jpg	4	2
990.jpg	4	7
991.jpg	4	11
992.jpg	5	8
993.jpg	7	1
994.jpg	7	20
995.jpg	8	6
996.jpg	8	9
997.jpg	10	20
998.jpg	11	14
999.jpg	13	16
1000.jpg	3	5
1001.jpg	3	20
1002.jpg	13	1
1003.jpg	13	6
1004.jpg	13	9
1005.jpg	13	15
1006.jpg	13	17
1007.jpg	13	18
1008.jpg	13	20
1009.jpg	4	2
1010.jpg	4	7
1011.jpg	4	11
1012.jpg	5	8
1013.jpg	7	1
1014.jpg	7	20
1015.jpg	8	6
1016.jpg	8	9
1017.jpg	10	20
1018.jpg	11	14
1019.jpg	13	16
1020.jpg	3	5
1021.jpg	3	20
1022.jpg	13	1
1023.jpg	13	6
1024.jpg	13	9
1025.jpg	13	15
1026.jpg	13	17
1027.jpg	13	18
1028.jpg	13	20
1029.jpg	4	2
1030.jpg	4	7
1031.jpg	4	11
1032.jpg	5	8
1033.jpg	7	1
1034.jpg	7	20
1035.jpg	8	6
1036.jpg	8	9
1037.jpg	10	20
1038.jpg	11	14
1039.jpg	13	16
1040.jpg	3	5
1041.jpg	3	20
1042.jpg	13	1
1043.jpg	13	6
1044.jpg	13	9
1045.jpg	13	15
1046.jpg	13	17
1047.jpg	13	18
1048.jpg	13	20
1049.jpg	4	2
1050.jpg	4	7
1051.jpg	4	11
1052.jpg	5	8
1053.jpg	7	1
1054.jpg	7	20
1055.jpg	8	6
1056.jpg	8	9
1057.jpg	10	20
1058.jpg	11	14
1059.jpg	13	16
1060.jpg	3	5
1061.jpg	3	20
1062.jpg	13	1
1063.jpg	13	6
1064.jpg	13	9
1065.jpg	13	15
1066.jpg	13	17
1067.jpg	13	18
1068.jpg	13	20
1069.jpg	4	2
1070.jpg	4	7
1071.jpg	4	11
1072.jpg	5	8
1073.jpg	7	1
1074.jpg	7	20
1075.jpg	8	6
1076.jpg	8	9
1077.jpg	10	20
1078.jpg	11	14
1079.jpg	13	16
1080.jpg	3	5
1081.jpg	3	20
1082.jpg	13	1
1083.jpg	13	6
1084.jpg	13	9
1085.jpg	13	15
1086.jpg	13	17
1087.jpg	13	18
1088.jpg	13	20
1089.jpg	4	2
1090.jpg	4	7
1091.jpg	4	11
1092.jpg	5	8
1093.jpg	7	1
1094.jpg	7	20
1095.jpg	8	6
1096.jpg	8	9
1097.jpg	10	20
1098.jpg	11	14
1099.jpg	13	16
1100.jpg	3	5
1101.jpg	3	20
1102.jpg	13	1
1103.jpg	13	6
1104.jpg	13	9
1105.jpg	13	15
1106.jpg	13	17
1107.jpg	13	18
1108.jpg	13	20
1109.jpg	4	2
1110.jpg	4	7
1111.jpg	4	11
1112.jpg	5	8
1113.jpg	7	1
1114.jpg	7	20
1115.jpg	8	6
1116.jpg	8	9
1117.jpg	10	20
1118.jpg	11	14
1119.jpg	13	16
1120.jpg	3	5
1121.jpg	3	20
1122.jpg	13	1
1123.jpg	13	6
1124.jpg	13	9
1125.jpg	13	15
1126.jpg	13	17
1127.jpg	13	18
1128.jpg	13	20
1129.jpg	4	2
1130.jpg	4	7
1131.jpg	4	11
1132.jpg	5	8
1133.jpg	7	1
1134.jpg	7	20
1135.jpg	8	6
1136.jpg	8	9
1137.jpg	10	20
1138.jpg	11	14
1139.jpg	13	16
1140.jpg	3	5
1141.jpg	3	20
1142.jpg	13	1
1143.jpg	13	6
1144.jpg	13	9
1145.jpg	13	15
1146.jpg	13	17
1147.jpg	13	18
1148.jpg	13	20
1149.jpg	4	2
1150.jpg	4	7
1151.jpg	4	11
1152.jpg	5	8
1153.jpg	7	1
1154.jpg	7	20
1155.jpg	8	6
1156.jpg	8	9
1157.jpg	10	20
1158.jpg	11	14
1159.jpg	13	16
1160.jpg	3	5
1161.jpg	3	20
1162.jpg	13	1
1163.jpg	13	6
1164.jpg	13	9
1165.jpg	13	15
1166.jpg	13	17
1167.jpg	13	18
1168.jpg	13	20
1169.jpg	4	2
1170.jpg	4	7
1171.jpg	4	11
1172.jpg	5	8
1173.jpg	7	1
1174.jpg	7	20
1175.jpg	8	6
1176.jpg	8	9
1177.jpg	10	20
1178.jpg	11	14
1179.jpg	13	16
1180.jpg	3	5
1181.jpg	3	20
1182.jpg	13	1
1183.jpg	13	6
1184.jpg	13	9
1185.jpg	13	15
1186.jpg	13	17
1187.jpg	13	18
1188.jpg	13	20
1189.jpg	4	2
1190.jpg	4	7
1191.jpg	4	11
1192.jpg	5	8
1193.jpg	7	1
1194.jpg	7	20
1195.jpg	8	6
1196.jpg	8	9
1197.jpg	10	20
1198.jpg	11	14
1199.jpg	13	16
1200.jpg	3	5
1201.jpg	3	20
1202.jpg	13	1
1203.jpg	13	6
1204.jpg	13	9
1205.jpg	13	15
1206.jpg	13	17
1207.jpg	13	18
1208.jpg	13	20
1209.jpg	4	2
1210.jpg	4	7
1211.jpg	4	11
1212.jpg	5	8
1213.jpg	7	1
1214.jpg	7	20
1215.jpg	8	6
1216.jpg	8	9
1217.jpg	10	20
1218.jpg	11	14
1219.jpg	13	16
1220.jpg	3	5
1221.jpg	3	20
1222.jpg	13	1
1223.jpg	13	6
1224.jpg	13	9
1225.jpg	13	15
1226.jpg	13	17
1227.jpg	13	18
1228.jpg	13	20
1229.jpg	4	2
1230.jpg	4	7
1231.jpg	4	11
1232.jpg	5	8
1233.jpg	7	1
1234.jpg	7	20
1235.jpg	8	6
1236.jpg	8	9
1237.jpg	10	20
1238.jpg	11	14
1239.jpg	13	16
1240.jpg	3	5
1241.jpg	3	20
1242.jpg	13	1
1243.jpg	13	6
1244.jpg	13	9
1245.jpg	13	15
1246.jpg	13	17
1247.jpg	13	18
1248.jpg	13	20
1249.jpg	4	2
1250.jpg	4	7
1251.jpg	4	11
1252.jpg	5	8
1253.jpg	7	1
1254.jpg	7	20
1255.jpg	8	6
1256.jpg	8	9
1257.jpg	10	20
1258.jpg	11	14
1259.jpg	13	16
1260.jpg	3	5
1261.jpg	3	20
1262.jpg	13	1
1263.jpg	13	6
1264.jpg	13	9
1265.jpg	13	15
1266.jpg	13	17
1267.jpg	13	18
1268.jpg	13	20
1269.jpg	4	2
1270.jpg	4	7
1271.jpg	4	11
1272.jpg	5	8
1273.jpg	7	1
1274.jpg	7	20
1275.jpg	8	6
1276.jpg	8	9
1277.jpg	10	20
1278.jpg	11	14
1279.jpg	13	16
1280.jpg	3	5
1281.jpg	3	20
1282.jpg	13	1
1283.jpg	13	6
1284.jpg	13	9
1285.jpg	13	15
1286.jpg	13	17
1287.jpg	13	18
1288.jpg	13	20
1289.jpg	4	2
1290.jpg	4	7
1291.jpg	4	11
1292.jpg	5	8
1293.jpg	7	1
1294.jpg	7	20
1295.jpg	8	6
1296.jpg	8	9
1297.jpg	10	20
1298.jpg	11	14
1299.jpg	13	16
1300.jpg	3	5
1301.jpg	3	20
1302.jpg	13	1
1303.jpg	13	6
1304.jpg	13	9
1305.jpg	13	15
1306.jpg	13	17
1307.jpg	13	18
1308.jpg	13	20
1309.jpg	4	2
1310.jpg	4	7
1311.jpg	4	11
1312.jpg	5	8
1313.jpg	7	1
1314.jpg	7	20
1315.jpg	8	6
1316.jpg	8	9
1317.jpg	10	20
1318.jpg	11	14
1319.jpg	13	16
1320.jpg	3	5
1321.jpg	3	20
1322.jpg	13	1
1323.jpg	13	6
1324.jpg	13	9
1325.jpg	13	15
1326.jpg	13	17
1327.jpg	13	18
1328.jpg	13	20
1329.jpg	4	2
1330.jpg	4	7
1331.jpg	4	11
1332.jpg	5	8
1333.jpg	7	1
1334.jpg	7	20
1335.jpg	8	6
1336.jpg	8	9
1337.jpg	10	20
1338.jpg	11	14
1339.jpg	13	16
1340.jpg	3	5
1341.jpg	3	20
1342.jpg	13	1
1343.jpg	13	6
1344.jpg	13	9
1345.jpg	13	15
1346.jpg	13	17
1347.jpg	13	18
1348.jpg	13	20
1349.jpg	4	2
1350.jpg	4	7
1351.jpg	4	11
1352.jpg	5	8
1353.jpg	7	1
1354.jpg	7	20
1355.jpg	8	6
1356.jpg	8	9
1357.jpg	10	20
1358.jpg	11	14
1359.jpg	13	16
1360.jpg	3	5
1361.jpg	3	20
1362.jpg	13	1
1363.jpg	13	6
1364.jpg	13	9
1365.jpg	13	15
1366.jpg	13	17
1367.jpg	13	18
1368.jpg	13	20
1369.jpg	4	2
1370.jpg	4	7
1371.jpg	4	11
1372.jpg	5	8
1373.jpg	7	1
1374.jpg	7	20
1375.jpg	8	6
1376.jpg	8	9
1377.jpg	10	20
1378.jpg	11	14
1379.jpg	13	16
1380.jpg	3	5
1381.jpg	3	20
1382.jpg	13	1
1383.jpg	13	6
1384.jpg	13	9
1385.jpg	13	15
1386.jpg	13	17
1387.jpg	13	18
1388.jpg	13	20
1389.jpg	4	2
1390.jpg	4	7
1391.jpg	4	11
1392.jpg	5	8
1393.jpg	7	1
1394.jpg	7	20
1395.jpg	8	6
1396.jpg	8	9
1397.jpg	10	20
1398.jpg	11	14
1399.jpg	13	16
1400.jpg	3	5
1401.jpg	3	20
1402.jpg	13	1
1403.jpg	13	6
1404.jpg	13	9
1405.jpg	13	15
1406.jpg	13	17
1407.jpg	13	18
1408.jpg	13	20
1409.jpg	4	2
1410.jpg	4	7
1411.jpg	4	11
1412.jpg	5	8
1413.jpg	7	1
1414.jpg	7	20
1415.jpg	8	6
1416.jpg	8	9
1417.jpg	10	20
1418.jpg	11	14
1419.jpg	13	16
1420.jpg	3	5
1421.jpg	3	20
1422.jpg	13	1
1423.jpg	13	6
1424.jpg	13	9
1425.jpg	13	15
1426.jpg	13	17
1427.jpg	13	18
1428.jpg	13	20
1429.jpg	4	2
1430.jpg	4	7
1431.jpg	4	11
1432.jpg	5	8
1433.jpg	7	1
1434.jpg	7	20
1435.jpg	8	6
1436.jpg	8	9
1437.jpg	10	20
1438.jpg	11	14
1439.jpg	13	16
1440.jpg	3	5
1441.jpg	3	20
1442.jpg	13	1
1443.jpg	13	6
1444.jpg	13	9
1445.jpg	13	15
1446.jpg	13	17
1447.jpg	13	18
1448.jpg	13	20
1449.jpg	4	2
1450.jpg	4	7
1451.jpg	4	11
1452.jpg	5	8
1453.jpg	7	1
1454.jpg	7	20
1455.jpg	8	6
1456.jpg	8	9
1457.jpg	10	20
1458.jpg	11	14
1459.jpg	13	16
1460.jpg	3	5
1461.jpg	3	20
1462.jpg	13	1
1463.jpg	13	6
1464.jpg	13	9
1465.jpg	13	15
1466.jpg	13	17
1467.jpg	13	18
1468.jpg	13	20
1469.jpg	4	2
1470.jpg	4	7
1471.jpg	4	11
1472.jpg	5	8
1473.jpg	7	1
1474.jpg	7	20
1475.jpg	8	6
1476.jpg	8	9
1477.jpg	10	20
1478.jpg	11	14
1479.jpg	13	16
1480.jpg	3	5
1481.jpg	3	20
1482.jpg	13	1
1483.jpg	13	6
1484.jpg	13	9
1485.jpg	13	15
1486.jpg	13	17
1487.jpg	13	18
1488.jpg	13	20
1489.jpg	4	2
1490.jpg	4	7
1491.jpg	4	11
1492.jpg	5	8
1493.jpg	7	1
1494.jpg	7	20
1495.jpg	8	6
1496.jpg	8	9
1497.jpg	10	20
1498.jpg	11	14
1499.jpg	13	16
1500.jpg	3	5
1501.jpg	3	20
1502.jpg	13	1
1503.jpg	13	6
1504.jpg	13	9
1505.jpg	13	15
1506.jpg	13	17
1507.jpg	13	18
1508.jpg	13	20
1509.jpg	4	2
1510.jpg	4	7
1511.jpg	4	11
1512.jpg	5	8
1513.jpg	7	1
1514.jpg	7	20
1515.jpg	8	6
1516.jpg	8	9
1517.jpg	10	20
1518.jpg	11	14
1519.jpg	13	16
1520.jpg	3	5
1521.jpg	3	20
1522.jpg	13	1
1523.jpg	13	6
1524.jpg	13	9
1525.jpg	13	15
1526.jpg	13	17
1527.jpg	13	18
1528.jpg	13	20
1529.jpg	4	2
1530.jpg	4	7
1531.jpg	4	11
1532.jpg	5	8
1533.jpg	7	1
1534.jpg	7	20
1535.jpg	8	6
1536.jpg	8	9
1537.jpg	10	20
1538.jpg	11	14
1539.jpg	13	16
1540.jpg	3	5
1541.jpg	3	20
1542.jpg	13	1
1543.jpg	13	6
1544.jpg	13	9
1545.jpg	13	15
1546.jpg	13	17
1547.jpg	13	18
1548.jpg	13	20
1549.jpg	4	2
1550.jpg	4	7
1551.jpg	4	11
1552.jpg	5	8
1553.jpg	7	1
1554.jpg	7	20
1555.jpg	8	6
1556.jpg	8	9
1557.jpg	10	20
1558.jpg	11	14
1559.jpg	13	16
1560.jpg	3	5
1561.jpg	3	20
1562.jpg	13	1
1563.jpg	13	6
1564.jpg	13	9
1565.jpg	13	15
1566.jpg	13	17
1567.jpg	13	18
1568.jpg	13	20
1569.jpg	4	2
1570.jpg	4	7
1571.jpg	4	11
1572.jpg	5	8
1573.jpg	7	1
1574.jpg	7	20
1575.jpg	8	6
1576.jpg	8	9
1577.jpg	10	20
1578.jpg	11	14
1579.jpg	13	16
1580.jpg	3	5
1581.jpg	3	20
1582.jpg	13	1
1583.jpg	13	6
1584.jpg	13	9
1585.jpg	13	15
1586.jpg	13	17
1587.jpg	13	18
1588.jpg	13	20
1589.jpg	4	2
1590.jpg	4	7
1591.jpg	4	11
1592.jpg	5	8
1593.jpg	7	1
1594.jpg	7	20
1595.jpg	8	6
1596.jpg	8	9
1597.jpg	10	20
1598.jpg	11	14
1599.jpg	13	16
1600.jpg	3	5
1601.jpg	3	20
1602.jpg	13	1
1603.jpg	13	6
1604.jpg	13	9
1605.jpg	13	15
1606.jpg	13	17
1607.jpg	13	18
1608.jpg	13	20
1609.jpg	4	2
1610.jpg	4	7
1611.jpg	4	11
1612.jpg	5	8
1613.jpg	7	1
1614.jpg	7	20
1615.jpg	8	6
1616.jpg	8	9
1617.jpg	10	20
1618.jpg	11	14
1619.jpg	13	16
1620.jpg	3	5
1621.jpg	3	20
1622.jpg	13	1
1623.jpg	13	6
1624.jpg	13	9
1625.jpg	13	15
1626.jpg	13	17
1627.jpg	13	18
1628.jpg	13	20
1629.jpg	4	2
1630.jpg	4	7
1631.jpg	4	11
1632.jpg	5	8
1633.jpg	7	1
1634.jpg	7	20
1635.jpg	8	6
1636.jpg	8	9
1637.jpg	10	20
1638.jpg	11	14
1639.jpg	13	16
1640.jpg	3	5
1641.jpg	3	20
1642.jpg	13	1
1643.jpg	13	6
1644.jpg	13	9
1645.jpg	13	15
1646.jpg	13	17
1647.jpg	13	18
1648.jpg	13	20
1649.jpg	4	2
1650.jpg	4	7
1651.jpg	4	11
1652.jpg	5	8
1653.jpg	7	1
1654.jpg	7	20
1655.jpg	8	6
1656.jpg	8	9
1657.jpg	10	20
1658.jpg	11	14
1659.jpg	13	16
1660.jpg	3	5
1661.jpg	3	20
1662.jpg	13	1
1663.jpg	13	6
1664.jpg	13	9
1665.jpg	13	15
1666.jpg	13	17
1667.jpg	13	18
1668.jpg	13	20
1669.jpg	4	2
1670.jpg	4	7
1671.jpg	4	11
1672.jpg	5	8
1673.jpg	7	1
1674.jpg	7	20
1675.jpg	8	6
1676.jpg	8	9
1677.jpg	10	20
1678.jpg	11	14
1679.jpg	13	16
1680.jpg	3	5
1681.jpg	3	20
1682.jpg	13	1
1683.jpg	13	6
1684.jpg	13	9
1685.jpg	13	15
1686.jpg	13	17
1687.jpg	13	18
1688.jpg	13	20
1689.jpg	4	2
1690.jpg	4	7
1691.jpg	4	11
1692.jpg	5	8
1693.jpg	7	1
1694.jpg	7	20
1695.jpg	8	6
1696.jpg	8	9
1697.jpg	10	20
1698.jpg	11	14
1699.jpg	13	16
1700.jpg	3	5
1701.jpg	3	20
1702.jpg	13	1
1703.jpg	13	6
1704.jpg	13	9
1705.jpg	13	15
1706.jpg	13	17
1707.jpg	13	18
1708.jpg	13	20
1709.jpg	4	2
1710.jpg	4	7
1711.jpg	4	11
1712.jpg	5	8
1713.jpg	7	1
1714.jpg	7	20
1715.jpg	8	6
1716.jpg	8	9
1717.jpg	10	20
1718.jpg	11	14
1719.jpg	13	16
1720.jpg	3	5
1721.jpg	3	20
1722.jpg	13	1
1723.jpg	13	6
1724.jpg	13	9
1725.jpg	13	15
1726.jpg	13	17
1727.jpg	13	18
1728.jpg	13	20
1729.jpg	4	2
1730.jpg	4	7
1731.jpg	4	11
1732.jpg	5	8
1733.jpg	7	1
1734.jpg	7	20
1735.jpg	8	6
1736.jpg	8	9
1737.jpg	10	20
1738.jpg	11	14
1739.jpg	13	16
1740.jpg	3	5
1741.jpg	3	20
1742.jpg	13	1
1743.jpg	13	6
1744.jpg	13	9
1745.jpg	13	15
1746.jpg	13	17
1747.jpg	13	18
1748.jpg	13	20
1749.jpg	4	2
1750.jpg	4	7
1751.jpg	4	11
1752.jpg	5	8
1753.jpg	7	1
1754.jpg	7	20
1755.jpg	8	6
1756.jpg	8	9
1757.jpg	10	20
1758.jpg	11	14
1759.jpg	13	16
1760.jpg	3	5
1761.jpg	3	20
1762.jpg	13	1
1763.jpg	13	6
1764.jpg	13	9
1765.jpg	13	15
1766.jpg	13	17
1767.jpg	13	18
1768.jpg	13	20
1769.jpg	4	2
1770.jpg	4	7
1771.jpg	4	11
1772.jpg	5	8
1773.jpg	7	1
1774.jpg	7	20
1775.jpg	8	6
1776.jpg	8	9
1777.jpg	10	20
1778.jpg	11	14
1779.jpg	13	16
1780.jpg	3	5
1781.jpg	3	20
1782.jpg	13	1
1783.jpg	13	6
1784.jpg	13	9
1785.jpg	13	15
1786.jpg	13	17
1787.jpg	13	18
1788.jpg	13	20
1789.jpg	4	2
1790.jpg	4	7
1791.jpg	4	11
1792.jpg	5	8
1793.jpg	7	1
1794.jpg	7	20
1795.jpg	8	6
1796.jpg	8	9
1797.jpg	10	20
1798.jpg	11	14
1799.jpg	13	16
1800.jpg	3	5
1801.jpg	3	20
1802.jpg	13	1
1803.jpg	13	6
1804.jpg	13	9
1805.jpg	13	15
1806.jpg	13	17
1807.jpg	13	18
1808.jpg	13	20
1809.jpg	4	2
1810.jpg	4	7
1811.jpg	4	11
1812.jpg	5	8
1813.jpg	7	1
1814.jpg	7	20
1815.jpg	8	6
1816.jpg	8	9
1817.jpg	10	20
1818.jpg	11	14
1819.jpg	13	16
1820.jpg	3	5
1821.jpg	3	20
1822.jpg	13	1
1823.jpg	13	6
1824.jpg	13	9
1825.jpg	13	15
1826.jpg	13	17
1827.jpg	13	18
1828.jpg	13	20
1829.jpg	4	2
1830.jpg	4	7
1831.jpg	4	11
1832.jpg	5	8
1833.jpg	7	1
1834.jpg	7	20
1835.jpg	8	6
1836.jpg	8	9
1837.jpg	10	20
1838.jpg	11	14
1839.jpg	13	16
1840.jpg	3	5
1841.jpg	3	20
1842.jpg	13	1
1843.jpg	13	6
1844.jpg	13	9
1845.jpg	13	15
1846.jpg	13	17
1847.jpg	13	18
1848.jpg	13	20
1849.jpg	4	2
1850.jpg	4	7
1851.jpg	4	11
1852.jpg	5	8
1853.jpg	7	1
1854.jpg	7	20
1855.jpg	8	6
1856.jpg	8	9
1857.jpg	10	20
1858.jpg	11	14
1859.jpg	13	16
1860.jpg	3	5
1861.jpg	3	20
1862.jpg	13	1
1863.jpg	13	6
1864.jpg	13	9
1865.jpg	13	15
1866.jpg	13	17
1867.jpg	13	18
1868.jpg	13	20
1869.jpg	4	2
1870.jpg	4	7
1871.jpg	4	11
1872.jpg	5	8
1873.jpg	7	1
1874.jpg	7	20
1875.jpg	8	6
1876.jpg	8	9
1877.jpg	10	20
1878.jpg	11	14
1879.jpg	13	16
1880.jpg	3	5
1881.jpg	3	20
1882.jpg	13	1
1883.jpg	13	6
1884.jpg	13	9
1885.jpg	13	15
1886.jpg	13	17
1887.jpg	13	18
1888.jpg	13	20
1889.jpg	4	2
1890.jpg	4	7
1891.jpg	4	11
1892.jpg	5	8
1893.jpg	7	1
1894.jpg	7	20
1895.jpg	8	6
1896.jpg	8	9
1897.jpg	10	20
1898.jpg	11	14
1899.jpg	13	16
1900.jpg	3	5
1901.jpg	3	20
1902.jpg	13	1
1903.jpg	13	6
1904.jpg	13	9
1905.jpg	13	15
1906.jpg	13	17
1907.jpg	13	18
1908.jpg	13	20
1909.jpg	4	2
1910.jpg	4	7
1911.jpg	4	11
1912.jpg	5	8
1913.jpg	7	1
1914.jpg	7	20
1915.jpg	8	6
1916.jpg	8	9
1917.jpg	10	20
1918.jpg	11	14
1919.jpg	13	16
1920.jpg	3	5
1921.jpg	3	20
1922.jpg	13	1
1923.jpg	13	6
1924.jpg	13	9
1925.jpg	13	15
1926.jpg	13	17
1927.jpg	13	18
1928.jpg	13	20
1929.jpg	4	2
1930.jpg	4	7
1931.jpg	4	11
1932.jpg	5	8
1933.jpg	7	1
1934.jpg	7	20
1935.jpg	8	6
1936.jpg	8	9
1937.jpg	10	20
1938.jpg	11	14
1939.jpg	13	16
1940.jpg	3	5
1941.jpg	3	20
1942.jpg	13	1
1943.jpg	13	6
1944.jpg	13	9
1945.jpg	13	15
1946.jpg	13	17
1947.jpg	13	18
1948.jpg	13	20
1949.jpg	4	2
1950.jpg	4	7
1951.jpg	4	11
1952.jpg	5	8
1953.jpg	7	1
1954.jpg	7	20
1955.jpg	8	6
1956.jpg	8	9
1957.jpg	10	20
1958.jpg	11	14
1959.jpg	13	16
1960.jpg	3	5
1961.jpg	3	20
1962.jpg	13	1
1963.jpg	13	6
1964.jpg	13	9
1965.jpg	13	15
1966.jpg	13	17
1967.jpg	13	18
1968.jpg	13	20
1969.jpg	4	2
1970.jpg	4	7
1971.jpg	4	11
1972.jpg	5	8
1973.jpg	7	1
1974.jpg	7	20
1975.jpg	8	6
1976.jpg	8	9
1977.jpg	10	20
1978.jpg	11	14
1979.jpg	13	16
1980.jpg	3	5
1981.jpg	3	20
1982.jpg	13	1
1983.jpg	13	6
1984.jpg	13	9
1985.jpg	13	15
1986.jpg	13	17
1987.jpg	13	18
1988.jpg	13	20
1989.jpg	4	2
1990.jpg	4	7
1991.jpg	4	11
1992.jpg	5	8
1993.jpg	7	1
1994.jpg	7	20
1995.jpg	8	6
1996.jpg	8	9
1997.jpg	10	20
1998.jpg	11	14
1999.jpg	13	16
2000.jpg	3	5
2001.jpg	3	20
2002.jpg	13	1
2003.jpg	13	6
2004.jpg	13	9
2005.jpg	13	15
2006.jpg	13	17
2007.jpg	13	18
2008.jpg	13	20
2009.jpg	4	2
2010.jpg	4	7
2011.jpg	4	11
2012.jpg	5	8
2013.jpg	7	1
2014.jpg	7	20
2015.jpg	8	6
2016.jpg	8	9
2017.jpg	10	20
2018.jpg	11	14
2019.jpg	13	16
2020.jpg	3	5
2021.jpg	3	20
2022.jpg	13	1
2023.jpg	13	6
2024.jpg	13	9
2025.jpg	13	15
2026.jpg	13	17
2027.jpg	13	18
2028.jpg	13	20
2029.jpg	4	2
2030.jpg	4	7
2031.jpg	4	11
2032.jpg	5	8
2033.jpg	7	1
2034.jpg	7	20
2035.jpg	8	6
2036.jpg	8	9
2037.jpg	10	20
2038.jpg	11	14
2039.jpg	13	16
2040.jpg	3	5
2041.jpg	3	20
2042.jpg	13	1
2043.jpg	13	6
2044.jpg	13	9
2045.jpg	13	15
2046.jpg	13	17
2047.jpg	13	18
2048.jpg	13	20
2049.jpg	4	2
2050.jpg	4	7
2051.jpg	4	11
2052.jpg	5	8
2053.jpg	7	1
2054.jpg	7	20
2055.jpg	8	6
2056.jpg	8	9
2057.jpg	10	20
2058.jpg	11	14
2059.jpg	13	16
2060.jpg	3	5
2061.jpg	3	20
2062.jpg	13	1
2063.jpg	13	6
2064.jpg	13	9
2065.jpg	13	15
2066.jpg	13	17
2067.jpg	13	18
2068.jpg	13	20
2069.jpg	4	2
2070.jpg	4	7
2071.jpg	4	11
2072.jpg	5	8
2073.jpg	7	1
2074.jpg	7	20
2075.jpg	8	6
2076.jpg	8	9
2077.jpg	10	20
2078.jpg	11	14
2079.jpg	13	16
2080.jpg	3	5
2081.jpg	3	20
2082.jpg	13	1
2083.jpg	13	6
2084.jpg	13	9
2085.jpg	13	15
2086.jpg	13	17
2087.jpg	13	18
2088.jpg	13	20
2089.jpg	4	2
2090.jpg	4	7
2091.jpg	4	11
2092.jpg	5	8
2093.jpg	7	1
2094.jpg	7	20
2095.jpg	8	6
2096.jpg	8	9
2097.jpg	10	20
2098.jpg	11	14
2099.jpg	13	16
2100.jpg	3	5
2101.jpg	3	20
2102.jpg	13	1
2103.jpg	13	6
2104.jpg	13	9
2105.jpg	13	15
2106.jpg	13	17
2107.jpg	13	18
2108.jpg	13	20
2109.jpg	4	2
2110.jpg	4	7
2111.jpg	4	11
2112.jpg	5	8
2113.jpg	7	1
2114.jpg	7	20
2115.jpg	8	6
2116.jpg	8	9
2117.jpg	10	20
2118.jpg	11	14
2119.jpg	13	16
2120.jpg	3	5
2121.jpg	3	20
2122.jpg	13	1
2123.jpg	13	6
2124.jpg	13	9
2125.jpg	13	15
2126.jpg	13	17
2127.jpg	13	18
2128.jpg	13	20
2129.jpg	4	2
2130.jpg	4	7
2131.jpg	4	11
2132.jpg	5	8
2133.jpg	7	1
2134.jpg	7	20
2135.jpg	8	6
2136.jpg	8	9
2137.jpg	10	20
2138.jpg	11	14
2139.jpg	13	16
2140.jpg	3	5
2141.jpg	3	20
2142.jpg	13	1
2143.jpg	13	6
2144.jpg	13	9
2145.jpg	13	15
2146.jpg	13	17
2147.jpg	13	18
2148.jpg	13	20
2149.jpg	4	2
2150.jpg	4	7
2151.jpg	4	11
2152.jpg	5	8
2153.jpg	7	1
2154.jpg	7	20
2155.jpg	8	6
2156.jpg	8	9
2157.jpg	10	20
2158.jpg	11	14
2159.jpg	13	16
2160.jpg	3	5
2161.jpg	3	20
2162.jpg	13	1
2163.jpg	13	6
2164.jpg	13	9
2165.jpg	13	15
2166.jpg	13	17
2167.jpg	13	18
2168.jpg	13	20
2169.jpg	4	2
2170.jpg	4	7
2171.jpg	4	11
2172.jpg	5	8
2173.jpg	7	1
2174.jpg	7	20
2175.jpg	8	6
2176.jpg	8	9
2177.jpg	10	20
2178.jpg	11	14
2179.jpg	13	16
2180.jpg	3	5
2181.jpg	3	20
2182.jpg	13	1
2183.jpg	13	6
2184.jpg	13	9
2185.jpg	13	15
2186.jpg	13	17
2187.jpg	13	18
2188.jpg	13	20
2189.jpg	4	2
2190.jpg	4	7
2191.jpg	4	11
2192.jpg	5	8
2193.jpg	7	1
2194.jpg	7	20
2195.jpg	8	6
2196.jpg	8	9
2197.jpg	10	20
2198.jpg	11	14
2199.jpg	13	16
2200.jpg	3	5
2201.jpg	3	20
2202.jpg	13	1
2203.jpg	13	6
2204.jpg	13	9
2205.jpg	13	15
2206.jpg	13	17
2207.jpg	13	18
2208.jpg	13	20
2209.jpg	4	2
2210.jpg	4	7
2211.jpg	4	11
2212.jpg	5	8
2213.jpg	7	1
2214.jpg	7	20
2215.jpg	8	6
2216.jpg	8	9
2217.jpg	10	20
2218.jpg	11	14
2219.jpg	13	16
2220.jpg	3	5
2221.jpg	3	20
2222.jpg	13	1
2223.jpg	13	6
2224.jpg	13	9
2225.jpg	13	15
2226.jpg	13	17
2227.jpg	13	18
2228.jpg	13	20
2229.jpg	4	2
2230.jpg	4	7
2231.jpg	4	11
2232.jpg	5	8
2233.jpg	7	1
2234.jpg	7	20
2235.jpg	8	6
2236.jpg	8	9
2237.jpg	10	20
2238.jpg	11	14
2239.jpg	13	16
2240.jpg	3	5
2241.jpg	3	20
2242.jpg	13	1
2243.jpg	13	6
2244.jpg	13	9
2245.jpg	13	15
2246.jpg	13	17
2247.jpg	13	18
2248.jpg	13	20
2249.jpg	4	2
2250.jpg	4	7
2251.jpg	4	11
2252.jpg	5	8
2253.jpg	7	1
2254.jpg	7	20
2255.jpg	8	6
2256.jpg	8	9
2257.jpg	10	20
2258.jpg	11	14
2259.jpg	13	16
2260.jpg	3	5
2261.jpg	3	20
2262.jpg	13	1
2263.jpg	13	6
2264.jpg	13	9
2265.jpg	13	15
2266.jpg	13	17
2267.jpg	13	18
2268.jpg	13	20
2269.jpg	4	2
2270.jpg	4	7
2271.jpg	4	11
2272.jpg	5	8
2273.jpg	7	1
2274.jpg	7	20
2275.jpg	8	6
2276.jpg	8	9
2277.jpg	10	20
2278.jpg	11	14
2279.jpg	13	16
2280.jpg	3	5
2281.jpg	3	20
2282.jpg	13	1
2283.jpg	13	6
2284.jpg	13	9
2285.jpg	13	15
2286.jpg	13	17
2287.jpg	13	18
2288.jpg	13	20
2289.jpg	4	2
2290.jpg	4	7
2291.jpg	4	11
2292.jpg	5	8
2293.jpg	7	1
2294.jpg	7	20
2295.jpg	8	6
2296.jpg	8	9
2297.jpg	10	20
2298.jpg	11	14
2299.jpg	13	16
2300.jpg	3	5
2301.jpg	3	20
2302.jpg	13	1
2303.jpg	13	6
2304.jpg	13	9
2305.jpg	13	15
2306.jpg	13	17
2307.jpg	13	18
2308.jpg	13	20
2309.jpg	4	2
2310.jpg	4	7
2311.jpg	4	11
2312.jpg	5	8
2313.jpg	7	1
2314.jpg	7	20
2315.jpg	8	6
2316.jpg	8	9
2317.jpg	10	20
2318.jpg	11	14
2319.jpg	13	16
2320.jpg	3	5
2321.jpg	3	20
2322.jpg	13	1
2323.jpg	13	6
2324.jpg	13	9
2325.jpg	13	15
2326.jpg	13	17
2327.jpg	13	18
2328.jpg	13	20
2329.jpg	4	2
2330.jpg	4	7
2331.jpg	4	11
2332.jpg	5	8
2333.jpg	7	1
2334.jpg	7	20
2335.jpg	8	6
2336.jpg	8	9
2337.jpg	10	20
2338.jpg	11	14
2339.jpg	13	16
2340.jpg	3	5
2341.jpg	3	20
2342.jpg	13	1
2343.jpg	13	6
2344.jpg	13	9
2345.jpg	13	15
2346.jpg	13	17
2347.jpg	13	18
2348.jpg	13	20
2349.jpg	4	2
2350.jpg	4	7
2351.jpg	4	11
2352.jpg	5	8
2353.jpg	7	1
2354.jpg	7	20
2355.jpg	8	6
2356.jpg	8	9
2357.jpg	10	20
2358.jpg	11	14
2359.jpg	13	16
2360.jpg	3	5
2361.jpg	3	20
2362.jpg	13	1
2363.jpg	13	6
2364.jpg	13	9
2365.jpg	13	15
2366.jpg	13	17
2367.jpg	13	18
2368.jpg	13	20
2369.jpg	4	2
2370.jpg	4	7
2371.jpg	4	11
2372.jpg	5	8
2373.jpg	7	1
2374.jpg	7	20
2375.jpg	8	6
2376.jpg	8	9
2377.jpg	10	20
2378.jpg	11	14
2379.jpg	13	16
2380.jpg	3	5
2381.jpg	3	20
2382.jpg	13	1
2383.jpg	13	6
2384.jpg	13	9
2385.jpg	13	15
2386.jpg	13	17
2387.jpg	13	18
2388.jpg	13	20
2389.jpg	4	2
2390.jpg	4	7
2391.jpg	4	11
2392.jpg	5	8
2393.jpg	7	1
2394.jpg	7	20
2395.jpg	8	6
2396.jpg	8	9
2397.jpg	10	20
2398.jpg	11	14
2399.jpg	13	16
2400.jpg	3	5
2401.jpg	3	20
2402.jpg	13	1
2403.jpg	13	6
2404.jpg	13	9
2405.jpg	13	15
2406.jpg	13	17
2407.jpg	13	18
2408.jpg	13	20
2409.jpg	4	2
2410.jpg	4	7
2411.jpg	4	11
2412.jpg	5	8
2413.jpg	7	1
2414.jpg	7	20
2415.jpg	8	6
2416.jpg	8	9
2417.jpg	10	20
2418.jpg	11	14
2419.jpg	13	16
2420.jpg	3	5
2421.jpg	3	20
2422.jpg	13	1
2423.jpg	13	6
2424.jpg	13	9
2425.jpg	13	15
2426.jpg	13	17
2427.jpg	13	18
2428.jpg	13	20
2429.jpg	4	2
2430.jpg	4	7
2431.jpg	4	11
2432.jpg	5	8
2433.jpg	7	1
2434.jpg	7	20
2435.jpg	8	6
2436.jpg	8	9
2437.jpg	10	20
2438.jpg	11	14
2439.jpg	13	16
2440.jpg	3	5
2441.jpg	3	20
2442.jpg	13	1
2443.jpg	13	6
2444.jpg	13	9
2445.jpg	13	15
2446.jpg	13	17
2447.jpg	13	18
2448.jpg	13	20
2449.jpg	4	2
2450.jpg	4	7
2451.jpg	4	11
2452.jpg	5	8
2453.jpg	7	1
2454.jpg	7	20
2455.jpg	8	6
2456.jpg	8	9
2457.jpg	10	20
2458.jpg	11	14
2459.jpg	13	16
2460.jpg	3	5
2461.jpg	3	20
2462.jpg	13	1
2463.jpg	13	6
2464.jpg	13	9
2465.jpg	13	15
2466.jpg	13	17
2467.jpg	13	18
2468.jpg	13	20
2469.jpg	4	2
2470.jpg	4	7
2471.jpg	4	11
2472.jpg	5	8
2473.jpg	7	1
2474.jpg	7	20
2475.jpg	8	6
2476.jpg	8	9
2477.jpg	10	20
2478.jpg	11	14
2479.jpg	13	16
2480.jpg	3	5
2481.jpg	3	20
2482.jpg	13	1
2483.jpg	13	6
2484.jpg	13	9
2485.jpg	13	15
2486.jpg	13	17
2487.jpg	13	18
2488.jpg	13	20
2489.jpg	4	2
2490.jpg	4	7
2491.jpg	4	11
2492.jpg	5	8
2493.jpg	7	1
2494.jpg	7	20
2495.jpg	8	6
2496.jpg	8	9
2497.jpg	10	20
2498.jpg	11	14
2499.jpg	13	16
2500.jpg	3	5
2501.jpg	3	20
2502.jpg	13	1
2503.jpg	13	6
2504.jpg	13	9
2505.jpg	13	15
2506.jpg	13	17
2507.jpg	13	18
2508.jpg	13	20
2509.jpg	4	2
2510.jpg	4	7
2511.jpg	4	11
2512.jpg	5	8
2513.jpg	7	1
2514.jpg	7	20
2515.jpg	8	6
2516.jpg	8	9
2517.jpg	10	20
2518.jpg	11	14
2519.jpg	13	16
2520.jpg	3	5
2521.jpg	3	20
2522.jpg	13	1
2523.jpg	13	6
2524.jpg	13	9
2525.jpg	13	15
2526.jpg	13	17
2527.jpg	13	18
2528.jpg	13	20
2529.jpg	4	2
2530.jpg	4	7
2531.jpg	4	11
2532.jpg	5	8
2533.jpg	7	1
2534.jpg	7	20
2535.jpg	8	6
2536.jpg	8	9
2537.jpg	10	20
2538.jpg	11	14
2539.jpg	13	16
2540.jpg	3	5
2541.jpg	3	20
2542.jpg	13	1
2543.jpg	13	6
2544.jpg	13	9
2545.jpg	13	15
2546.jpg	13	17
2547.jpg	13	18
2548.jpg	13	20
2549.jpg	4	2
2550.jpg	4	7
2551.jpg	4	11
2552.jpg	5	8
2553.jpg	7	1
2554.jpg	7	20
2555.jpg	8	6
2556.jpg	8	9
2557.jpg	10	20
2558.jpg	11	14
2559.jpg	13	16
2560.jpg	3	5
2561.jpg	3	20
2562.jpg	13	1
2563.jpg	13	6
2564.jpg	13	9
2565.jpg	13	15
2566.jpg	13	17
2567.jpg	13	18
2568.jpg	13	20
2569.jpg	4	2
2570.jpg	4	7
2571.jpg	4	11
2572.jpg	5	8
2573.jpg	7	1
2574.jpg	7	20
2575.jpg	8	6
2576.jpg	8	9
2577.jpg	10	20
2578.jpg	11	14
2579.jpg	13	16
2580.jpg	3	5
2581.jpg	3	20
2582.jpg	13	1
2583.jpg	13	6
2584.jpg	13	9
2585.jpg	13	15
2586.jpg	13	17
2587.jpg	13	18
2588.jpg	13	20
2589.jpg	4	2
2590.jpg	4	7
2591.jpg	4	11
2592.jpg	5	8
2593.jpg	7	1
2594.jpg	7	20
2595.jpg	8	6
2596.jpg	8	9
2597.jpg	10	20
2598.jpg	11	14
2599.jpg	13	16
2600.jpg	3	5
2601.jpg	3	20
2602.jpg	13	1
2603.jpg	13	6
2604.jpg	13	9
2605.jpg	13	15
2606.jpg	13	17
2607.jpg	13	18
2608.jpg	13	20
2609.jpg	4	2
2610.jpg	4	7
2611.jpg	4	11
2612.jpg	5	8
2613.jpg	7	1
2614.jpg	7	20
2615.jpg	8	6
2616.jpg	8	9
2617.jpg	10	20
2618.jpg	11	14
2619.jpg	13	16
2620.jpg	3	5
2621.jpg	3	20
2622.jpg	13	1
2623.jpg	13	6
2624.jpg	13	9
2625.jpg	13	15
2626.jpg	13	17
2627.jpg	13	18
2628.jpg	13	20
2629.jpg	4	2
2630.jpg	4	7
2631.jpg	4	11
2632.jpg	5	8
2633.jpg	7	1
2634.jpg	7	20
2635.jpg	8	6
2636.jpg	8	9
2637.jpg	10	20
2638.jpg	11	14
2639.jpg	13	16
2640.jpg	3	5
2641.jpg	3	20
2642.jpg	13	1
2643.jpg	13	6
2644.jpg	13	9
2645.jpg	13	15
2646.jpg	13	17
2647.jpg	13	18
2648.jpg	13	20
2649.jpg	4	2
2650.jpg	4	7
2651.jpg	4	11
2652.jpg	5	8
2653.jpg	7	1
2654.jpg	7	20
2655.jpg	8	6
2656.jpg	8	9
2657.jpg	10	20
2658.jpg	11	14
2659.jpg	13	16
2660.jpg	3	5
2661.jpg	3	20
2662.jpg	13	1
2663.jpg	13	6
2664.jpg	13	9
2665.jpg	13	15
2666.jpg	13	17
2667.jpg	13	18
2668.jpg	13	20
2669.jpg	4	2
2670.jpg	4	7
2671.jpg	4	11
2672.jpg	5	8
2673.jpg	7	1
2674.jpg	7	20
2675.jpg	8	6
2676.jpg	8	9
2677.jpg	10	20
2678.jpg	11	14
2679.jpg	13	16
2680.jpg	3	5
2681.jpg	3	20
2682.jpg	13	1
2683.jpg	13	6
2684.jpg	13	9
2685.jpg	13	15
2686.jpg	13	17
2687.jpg	13	18
2688.jpg	13	20
2689.jpg	4	2
2690.jpg	4	7
2691.jpg	4	11
2692.jpg	5	8
2693.jpg	7	1
2694.jpg	7	20
2695.jpg	8	6
2696.jpg	8	9
2697.jpg	10	20
2698.jpg	11	14
2699.jpg	13	16
2700.jpg	3	5
2701.jpg	3	20
2702.jpg	13	1
2703.jpg	13	6
2704.jpg	13	9
2705.jpg	13	15
2706.jpg	13	17
2707.jpg	13	18
2708.jpg	13	20
2709.jpg	4	2
2710.jpg	4	7
2711.jpg	4	11
2712.jpg	5	8
2713.jpg	7	1
2714.jpg	7	20
2715.jpg	8	6
2716.jpg	8	9
2717.jpg	10	20
2718.jpg	11	14
2719.jpg	13	16
2720.jpg	3	5
2721.jpg	3	20
2722.jpg	13	1
2723.jpg	13	6
2724.jpg	13	9
2725.jpg	13	15
2726.jpg	13	17
2727.jpg	13	18
2728.jpg	13	20
2729.jpg	4	2
2730.jpg	4	7
2731.jpg	4	11
2732.jpg	5	8
2733.jpg	7	1
2734.jpg	7	20
2735.jpg	8	6
2736.jpg	8	9
2737.jpg	10	20
2738.jpg	11	14
2739.jpg	13	16
2740.jpg	3	5
2741.jpg	3	20
2742.jpg	13	1
2743.jpg	13	6
2744.jpg	13	9
2745.jpg	13	15
2746.jpg	13	17
2747.jpg	13	18
2748.jpg	13	20
2749.jpg	4	2
2750.jpg	4	7
2751.jpg	4	11
2752.jpg	5	8
2753.jpg	7	1
2754.jpg	7	20
2755.jpg	8	6
2756.jpg	8	9
2757.jpg	10	20
2758.jpg	11	14
2759.jpg	13	16
2760.jpg	3	5
2761.jpg	3	20
2762.jpg	13	1
2763.jpg	13	6
2764.jpg	13	9
2765.jpg	13	15
2766.jpg	13	17
2767.jpg	13	18
2768.jpg	13	20
2769.jpg	4	2
2770.jpg	4	7
2771.jpg	4	11
2772.jpg	5	8
2773.jpg	7	1
2774.jpg	7	20
2775.jpg	8	6
2776.jpg	8	9
2777.jpg	10	20
2778.jpg	11	14
2779.jpg	13	16
2780.jpg	3	5
2781.jpg	3	20
2782.jpg	13	1
2783.jpg	13	6
2784.jpg	13	9
2785.jpg	13	15
2786.jpg	13	17
2787.jpg	13	18
2788.jpg	13	20
2789.jpg	4	2
2790.jpg	4	7
2791.jpg	4	11
2792.jpg	5	8
2793.jpg	7	1
2794.jpg	7	20
2795.jpg	8	6
2796.jpg	8	9
2797.jpg	10	20
2798.jpg	11	14
2799.jpg	13	16
2800.jpg	3	5
2801.jpg	3	20
2802.jpg	13	1
2803.jpg	13	6
2804.jpg	13	9
2805.jpg	13	15
2806.jpg	13	17
2807.jpg	13	18
2808.jpg	13	20
2809.jpg	4	2
2810.jpg	4	7
2811.jpg	4	11
2812.jpg	5	8
2813.jpg	7	1
2814.jpg	7	20
2815.jpg	8	6
2816.jpg	8	9
2817.jpg	10	20
2818.jpg	11	14
2819.jpg	13	16
2820.jpg	3	5
2821.jpg	3	20
2822.jpg	13	1
2823.jpg	13	6
2824.jpg	13	9
2825.jpg	13	15
2826.jpg	13	17
2827.jpg	13	18
2828.jpg	13	20
2829.jpg	4	2
2830.jpg	4	7
2831.jpg	4	11
2832.jpg	5	8
2833.jpg	7	1
2834.jpg	7	20
2835.jpg	8	6
2836.jpg	8	9
2837.jpg	10	20
2838.jpg	11	14
2839.jpg	13	16
2840.jpg	3	5
2841.jpg	3	20
2842.jpg	13	1
2843.jpg	13	6
2844.jpg	13	9
2845.jpg	13	15
2846.jpg	13	17
2847.jpg	13	18
2848.jpg	13	20
2849.jpg	4	2
2850.jpg	4	7
2851.jpg	4	11
2852.jpg	5	8
2853.jpg	7	1
2854.jpg	7	20
2855.jpg	8	6
2856.jpg	8	9
2857.jpg	10	20
2858.jpg	11	14
2859.jpg	13	16
2860.jpg	3	5
2861.jpg	3	20
2862.jpg	13	1
2863.jpg	13	6
2864.jpg	13	9
2865.jpg	13	15
2866.jpg	13	17
2867.jpg	13	18
2868.jpg	13	20
2869.jpg	4	2
2870.jpg	4	7
2871.jpg	4	11
2872.jpg	5	8
2873.jpg	7	1
2874.jpg	7	20
2875.jpg	8	6
2876.jpg	8	9
2877.jpg	10	20
2878.jpg	11	14
2879.jpg	13	16
2880.jpg	3	5
2881.jpg	3	20
2882.jpg	13	1
2883.jpg	13	6
2884.jpg	13	9
2885.jpg	13	15
2886.jpg	13	17
2887.jpg	13	18
2888.jpg	13	20
2889.jpg	4	2
2890.jpg	4	7
2891.jpg	4	11
2892.jpg	5	8
2893.jpg	7	1
2894.jpg	7	20
2895.jpg	8	6
2896.jpg	8	9
2897.jpg	10	20
2898.jpg	11	14
2899.jpg	13	16
2900.jpg	3	5
2901.jpg	3	20
2902.jpg	13	1
2903.jpg	13	6
2904.jpg	13	9
2905.jpg	13	15
2906.jpg	13	17
2907.jpg	13	18
2908.jpg	13	20
2909.jpg	4	2
2910.jpg	4	7
2911.jpg	4	11
2912.jpg	5	8
2913.jpg	7	1
2914.jpg	7	20
2915.jpg	8	6
2916.jpg	8	9
2917.jpg	10	20
2918.jpg	11	14
2919.jpg	13	16
2920.jpg	3	5
2921.jpg	3	20
2922.jpg	13	1
2923.jpg	13	6
2924.jpg	13	9
2925.jpg	13	15
2926.jpg	13	17
2927.jpg	13	18
2928.jpg	13	20
2929.jpg	4	2
2930.jpg	4	7
2931.jpg	4	11
2932.jpg	5	8
2933.jpg	7	1
2934.jpg	7	20
2935.jpg	8	6
2936.jpg	8	9
2937.jpg	10	20
2938.jpg	11	14
2939.jpg	13	16
2940.jpg	3	5
2941.jpg	3	20
2942.jpg	13	1
2943.jpg	13	6
2944.jpg	13	9
2945.jpg	13	15
2946.jpg	13	17
2947.jpg	13	18
2948.jpg	13	20
2949.jpg	4	2
2950.jpg	4	7
2951.jpg	4	11
2952.jpg	5	8
2953.jpg	7	1
2954.jpg	7	20
2955.jpg	8	6
2956.jpg	8	9
2957.jpg	10	20
2958.jpg	11	14
2959.jpg	13	16
2960.jpg	3	5
2961.jpg	3	20
2962.jpg	13	1
2963.jpg	13	6
2964.jpg	13	9
2965.jpg	13	15
2966.jpg	13	17
2967.jpg	13	18
2968.jpg	13	20
2969.jpg	4	2
2970.jpg	4	7
2971.jpg	4	11
2972.jpg	5	8
2973.jpg	7	1
2974.jpg	7	20
2975.jpg	8	6
2976.jpg	8	9
2977.jpg	10	20
2978.jpg	11	14
2979.jpg	13	16
2980.jpg	3	5
2981.jpg	3	20
2982.jpg	13	1
2983.jpg	13	6
2984.jpg	13	9
2985.jpg	13	15
2986.jpg	13	17
2987.jpg	13	18
2988.jpg	13	20
2989.jpg	4	2
2990.jpg	4	7
2991.jpg	4	11
2992.jpg	5	8
2993.jpg	7	1
2994.jpg	7	20
2995.jpg	8	6
2996.jpg	8	9
2997.jpg	10	20
2998.jpg	11	14
2999.jpg	13	16
3000.jpg	3	5
3001.jpg	3	20
3002.jpg	13	1
3003.jpg	13	6
3004.jpg	13	9
3005.jpg	13	15
3006.jpg	13	17
3007.jpg	13	18
3008.jpg	13	20
3009.jpg	4	2
3010.jpg	4	7
3011.jpg	4	11
3012.jpg	5	8
3013.jpg	7	1
3014.jpg	7	20
3015.jpg	8	6
3016.jpg	8	9
3017.jpg	10	20
3018.jpg	11	14
3019.jpg	13	16
3020.jpg	3	5
3021.jpg	3	20
3022.jpg	13	1
3023.jpg	13	6
3024.jpg	13	9
3025.jpg	13	15
3026.jpg	13	17
3027.jpg	13	18
3028.jpg	13	20
3029.jpg	4	2
3030.jpg	4	7
3031.jpg	4	11
3032.jpg	5	8
3033.jpg	7	1
3034.jpg	7	20
3035.jpg	8	6
3036.jpg	8	9
3037.jpg	10	20
3038.jpg	11	14
3039.jpg	13	16
3040.jpg	3	5
3041.jpg	3	20
3042.jpg	13	1
3043.jpg	13	6
3044.jpg	13	9
3045.jpg	13	15
3046.jpg	13	17
3047.jpg	13	18
3048.jpg	13	20
3049.jpg	4	2
3050.jpg	4	7
3051.jpg	4	11
3052.jpg	5	8
3053.jpg	7	1
3054.jpg	7	20
3055.jpg	8	6
3056.jpg	8	9
3057.jpg	10	20
3058.jpg	11	14
3059.jpg	13	16
3060.jpg	3	5
3061.jpg	3	20
3062.jpg	13	1
3063.jpg	13	6
3064.jpg	13	9
3065.jpg	13	15
3066.jpg	13	17
3067.jpg	13	18
3068.jpg	13	20
3069.jpg	4	2
3070.jpg	4	7
3071.jpg	4	11
3072.jpg	5	8
3073.jpg	7	1
3074.jpg	7	20
3075.jpg	8	6
3076.jpg	8	9
3077.jpg	10	20
3078.jpg	11	14
3079.jpg	13	16
3080.jpg	3	5
3081.jpg	3	20
3082.jpg	13	1
3083.jpg	13	6
3084.jpg	13	9
3085.jpg	13	15
3086.jpg	13	17
3087.jpg	13	18
3088.jpg	13	20
3089.jpg	4	2
3090.jpg	4	7
3091.jpg	4	11
3092.jpg	5	8
3093.jpg	7	1
3094.jpg	7	20
3095.jpg	8	6
3096.jpg	8	9
3097.jpg	10	20
3098.jpg	11	14
3099.jpg	13	16
3100.jpg	3	5
3101.jpg	3	20
3102.jpg	13	1
3103.jpg	13	6
3104.jpg	13	9
3105.jpg	13	15
3106.jpg	13	17
3107.jpg	13	18
3108.jpg	13	20
3109.jpg	4	2
3110.jpg	4	7
3111.jpg	4	11
3112.jpg	5	8
3113.jpg	7	1
3114.jpg	7	20
3115.jpg	8	6
3116.jpg	8	9
3117.jpg	10	20
3118.jpg	11	14
3119.jpg	13	16
3120.jpg	3	5
3121.jpg	3	20
3122.jpg	13	1
3123.jpg	13	6
3124.jpg	13	9
3125.jpg	13	15
3126.jpg	13	17
3127.jpg	13	18
3128.jpg	13	20
3129.jpg	4	2
3130.jpg	4	7
3131.jpg	4	11
3132.jpg	5	8
3133.jpg	7	1
3134.jpg	7	20
3135.jpg	8	6
3136.jpg	8	9
3137.jpg	10	20
3138.jpg	11	14
3139.jpg	13	16
3140.jpg	3	5
3141.jpg	3	20
3142.jpg	13	1
3143.jpg	13	6
3144.jpg	13	9
3145.jpg	13	15
3146.jpg	13	17
3147.jpg	13	18
3148.jpg	13	20
3149.jpg	4	2
3150.jpg	4	7
3151.jpg	4	11
3152.jpg	5	8
3153.jpg	7	1
3154.jpg	7	20
3155.jpg	8	6
3156.jpg	8	9
3157.jpg	10	20
3158.jpg	11	14
3159.jpg	13	16
3160.jpg	3	5
3161.jpg	3	20
3162.jpg	13	1
3163.jpg	13	6
3164.jpg	13	9
3165.jpg	13	15
3166.jpg	13	17
3167.jpg	13	18
3168.jpg	13	20
3169.jpg	4	2
3170.jpg	4	7
3171.jpg	4	11
3172.jpg	5	8
3173.jpg	7	1
3174.jpg	7	20
3175.jpg	8	6
3176.jpg	8	9
3177.jpg	10	20
3178.jpg	11	14
3179.jpg	13	16
3180.jpg	3	5
3181.jpg	3	20
3182.jpg	13	1
3183.jpg	13	6
3184.jpg	13	9
3185.jpg	13	15
3186.jpg	13	17
3187.jpg	13	18
3188.jpg	13	20
3189.jpg	4	2
3190.jpg	4	7
3191.jpg	4	11
3192.jpg	5	8
3193.jpg	7	1
3194.jpg	7	20
3195.jpg	8	6
3196.jpg	8	9
3197.jpg	10	20
3198.jpg	11	14
3199.jpg	13	16
3200.jpg	3	5
3201.jpg	3	20
3202.jpg	13	1
3203.jpg	13	6
3204.jpg	13	9
3205.jpg	13	15
3206.jpg	13	17
3207.jpg	13	18
3208.jpg	13	20
3209.jpg	4	2
3210.jpg	4	7
3211.jpg	4	11
3212.jpg	5	8
3213.jpg	7	1
3214.jpg	7	20
3215.jpg	8	6
3216.jpg	8	9
3217.jpg	10	20
3218.jpg	11	14
3219.jpg	13	16
3220.jpg	3	5
3221.jpg	3	20
3222.jpg	13	1
3223.jpg	13	6
3224.jpg	13	9
3225.jpg	13	15
3226.jpg	13	17
3227.jpg	13	18
3228.jpg	13	20
3229.jpg	4	2
3230.jpg	4	7
3231.jpg	4	11
3232.jpg	5	8
3233.jpg	7	1
3234.jpg	7	20
3235.jpg	8	6
3236.jpg	8	9
3237.jpg	10	20
3238.jpg	11	14
3239.jpg	13	16
3240.jpg	3	5
3241.jpg	3	20
3242.jpg	13	1
3243.jpg	13	6
3244.jpg	13	9
3245.jpg	13	15
3246.jpg	13	17
3247.jpg	13	18
3248.jpg	13	20
3249.jpg	4	2
3250.jpg	4	7
3251.jpg	4	11
3252.jpg	5	8
3253.jpg	7	1
3254.jpg	7	20
3255.jpg	8	6
3256.jpg	8	9
3257.jpg	10	20
3258.jpg	11	14
3259.jpg	13	16
3260.jpg	3	5
3261.jpg	3	20
3262.jpg	13	1
3263.jpg	13	6
3264.jpg	13	9
3265.jpg	13	15
3266.jpg	13	17
3267.jpg	13	18
3268.jpg	13	20
3269.jpg	4	2
3270.jpg	4	7
3271.jpg	4	11
3272.jpg	5	8
3273.jpg	7	1
3274.jpg	7	20
3275.jpg	8	6
3276.jpg	8	9
3277.jpg	10	20
3278.jpg	11	14
3279.jpg	13	16
3280.jpg	3	5
3281.jpg	3	20
3282.jpg	13	1
3283.jpg	13	6
3284.jpg	13	9
3285.jpg	13	15
3286.jpg	13	17
3287.jpg	13	18
3288.jpg	13	20
3289.jpg	4	2
3290.jpg	4	7
3291.jpg	4	11
3292.jpg	5	8
3293.jpg	7	1
3294.jpg	7	20
3295.jpg	8	6
3296.jpg	8	9
3297.jpg	10	20
3298.jpg	11	14
3299.jpg	13	16
3300.jpg	3	5
3301.jpg	3	20
3302.jpg	13	1
3303.jpg	13	6
3304.jpg	13	9
3305.jpg	13	15
3306.jpg	13	17
3307.jpg	13	18
3308.jpg	13	20
3309.jpg	4	2
3310.jpg	4	7
3311.jpg	4	11
3312.jpg	5	8
3313.jpg	7	1
3314.jpg	7	20
3315.jpg	8	6
3316.jpg	8	9
3317.jpg	10	20
3318.jpg	11	14
3319.jpg	13	16
3320.jpg	3	5
3321.jpg	3	20
3322.jpg	13	1
3323.jpg	13	6
3324.jpg	13	9
3325.jpg	13	15
3326.jpg	13	17
3327.jpg	13	18
3328.jpg	13	20
3329.jpg	4	2
3330.jpg	4	7
3331.jpg	4	11
3332.jpg	5	8
3333.jpg	7	1
3334.jpg	7	20
3335.jpg	8	6
3336.jpg	8	9
3337.jpg	10	20
3338.jpg	11	14
3339.jpg	13	16
3340.jpg	3	5
3341.jpg	3	20
3342.jpg	13	1
3343.jpg	13	6
3344.jpg	13	9
3345.jpg	13	15
3346.jpg	13	17
3347.jpg	13	18
3348.jpg	13	20
3349.jpg	4	2
3350.jpg	4	7
3351.jpg	4	11
3352.jpg	5	8
3353.jpg	7	1
3354.jpg	7	20
3355.jpg	8	6
3356.jpg	8	9
3357.jpg	10	20
3358.jpg	11	14
3359.jpg	13	16
3360.jpg	3	5
3361.jpg	3	20
3362.jpg	13	1
3363.jpg	13	6
3364.jpg	13	9
3365.jpg	13	15
3366.jpg	13	17
3367.jpg	13	18
3368.jpg	13	20
3369.jpg	4	2
3370.jpg	4	7
3371.jpg	4	11
3372.jpg	5	8
3373.jpg	7	1
3374.jpg	7	20
3375.jpg	8	6
3376.jpg	8	9
3377.jpg	10	20
3378.jpg	11	14
3379.jpg	13	16
3380.jpg	3	5
3381.jpg	3	20
3382.jpg	13	1
3383.jpg	13	6
3384.jpg	13	9
3385.jpg	13	15
3386.jpg	13	17
3387.jpg	13	18
3388.jpg	13	20
3389.jpg	4	2
3390.jpg	4	7
3391.jpg	4	11
3392.jpg	5	8
3393.jpg	7	1
3394.jpg	7	20
3395.jpg	8	6
3396.jpg	8	9
3397.jpg	10	20
3398.jpg	11	14
3399.jpg	13	16
3400.jpg	3	5
3401.jpg	3	20
3402.jpg	13	1
3403.jpg	13	6
3404.jpg	13	9
3405.jpg	13	15
3406.jpg	13	17
3407.jpg	13	18
3408.jpg	13	20
3409.jpg	4	2
3410.jpg	4	7
3411.jpg	4	11
3412.jpg	5	8
3413.jpg	7	1
3414.jpg	7	20
3415.jpg	8	6
3416.jpg	8	9
3417.jpg	10	20
3418.jpg	11	14
3419.jpg	13	16
3420.jpg	3	5
3421.jpg	3	20
3422.jpg	13	1
3423.jpg	13	6
3424.jpg	13	9
3425.jpg	13	15
3426.jpg	13	17
3427.jpg	13	18
3428.jpg	13	20
3429.jpg	4	2
3430.jpg	4	7
3431.jpg	4	11
3432.jpg	5	8
3433.jpg	7	1
3434.jpg	7	20
3435.jpg	8	6
3436.jpg	8	9
3437.jpg	10	20
3438.jpg	11	14
3439.jpg	13	16
3440.jpg	3	5
3441.jpg	3	20
3442.jpg	13	1
3443.jpg	13	6
3444.jpg	13	9
3445.jpg	13	15
3446.jpg	13	17
3447.jpg	13	18
3448.jpg	13	20
3449.jpg	4	2
3450.jpg	4	7
3451.jpg	4	11
3452.jpg	5	8
3453.jpg	7	1
3454.jpg	7	20
3455.jpg	8	6
3456.jpg	8	9
3457.jpg	10	20
3458.jpg	11	14
3459.jpg	13	16
3460.jpg	3	5
3461.jpg	3	20
3462.jpg	13	1
3463.jpg	13	6
3464.jpg	13	9
3465.jpg	13	15
3466.jpg	13	17
3467.jpg	13	18
3468.jpg	13	20
3469.jpg	4	2
3470.jpg	4	7
3471.jpg	4	11
3472.jpg	5	8
3473.jpg	7	1
3474.jpg	7	20
3475.jpg	8	6
3476.jpg	8	9
3477.jpg	10	20
3478.jpg	11	14
3479.jpg	13	16
3480.jpg	3	5
3481.jpg	3	20
3482.jpg	13	1
3483.jpg	13	6
3484.jpg	13	9
3485.jpg	13	15
3486.jpg	13	17
3487.jpg	13	18
3488.jpg	13	20
3489.jpg	4	2
3490.jpg	4	7
3491.jpg	4	11
3492.jpg	5	8
3493.jpg	7	1
3494.jpg	7	20
3495.jpg	8	6
3496.jpg	8	9
3497.jpg	10	20
3498.jpg	11	14
3499.jpg	13	16
3500.jpg	3	5
3501.jpg	3	20
3502.jpg	13	1
3503.jpg	13	6
3504.jpg	13	9
3505.jpg	13	15
3506.jpg	13	17
3507.jpg	13	18
3508.jpg	13	20
3509.jpg	4	2
3510.jpg	4	7
3511.jpg	4	11
3512.jpg	5	8
3513.jpg	7	1
3514.jpg	7	20
3515.jpg	8	6
3516.jpg	8	9
3517.jpg	10	20
3518.jpg	11	14
3519.jpg	13	16
3520.jpg	3	5
3521.jpg	3	20
3522.jpg	13	1
3523.jpg	13	6
3524.jpg	13	9
3525.jpg	13	15
3526.jpg	13	17
3527.jpg	13	18
3528.jpg	13	20
3529.jpg	4	2
3530.jpg	4	7
3531.jpg	4	11
3532.jpg	5	8
3533.jpg	7	1
3534.jpg	7	20
3535.jpg	8	6
3536.jpg	8	9
3537.jpg	10	20
3538.jpg	11	14
3539.jpg	13	16
3540.jpg	3	5
3541.jpg	3	20
3542.jpg	13	1
3543.jpg	13	6
3544.jpg	13	9
3545.jpg	13	15
3546.jpg	13	17
3547.jpg	13	18
3548.jpg	13	20
3549.jpg	4	2
3550.jpg	4	7
3551.jpg	4	11
3552.jpg	5	8
3553.jpg	7	1
3554.jpg	7	20
3555.jpg	8	6
3556.jpg	8	9
3557.jpg	10	20
3558.jpg	11	14
3559.jpg	13	16
3560.jpg	3	5
3561.jpg	3	20
3562.jpg	13	1
3563.jpg	13	6
3564.jpg	13	9
3565.jpg	13	15
3566.jpg	13	17
3567.jpg	13	18
3568.jpg	13	20
3569.jpg	4	2
3570.jpg	4	7
3571.jpg	4	11
3572.jpg	5	8
3573.jpg	7	1
3574.jpg	7	20
3575.jpg	8	6
3576.jpg	8	9
3577.jpg	10	20
3578.jpg	11	14
3579.jpg	13	16
3580.jpg	3	5
3581.jpg	3	20
3582.jpg	13	1
3583.jpg	13	6
3584.jpg	13	9
3585.jpg	13	15
3586.jpg	13	17
3587.jpg	13	18
3588.jpg	13	20
3589.jpg	4	2
3590.jpg	4	7
3591.jpg	4	11
3592.jpg	5	8
3593.jpg	7	1
3594.jpg	7	20
3595.jpg	8	6
3596.jpg	8	9
3597.jpg	10	20
3598.jpg	11	14
3599.jpg	13	16
3600.jpg	3	5
3601.jpg	3	20
3602.jpg	13	1
3603.jpg	13	6
3604.jpg	13	9
3605.jpg	13	15
3606.jpg	13	17
3607.jpg	13	18
3608.jpg	13	20
3609.jpg	4	2
3610.jpg	4	7
3611.jpg	4	11
3612.jpg	5	8
3613.jpg	7	1
3614.jpg	7	20
3615.jpg	8	6
3616.jpg	8	9
3617.jpg	10	20
3618.jpg	11	14
3619.jpg	13	16
3620.jpg	3	5
3621.jpg	3	20
3622.jpg	13	1
3623.jpg	13	6
3624.jpg	13	9
3625.jpg	13	15
3626.jpg	13	17
3627.jpg	13	18
3628.jpg	13	20
3629.jpg	4	2
3630.jpg	4	7
3631.jpg	4	11
3632.jpg	5	8
3633.jpg	7	1
3634.jpg	7	20
3635.jpg	8	6
3636.jpg	8	9
3637.jpg	10	20
3638.jpg	11	14
3639.jpg	13	16
3640.jpg	3	5
3641.jpg	3	20
3642.jpg	13	1
3643.jpg	13	6
3644.jpg	13	9
3645.jpg	13	15
3646.jpg	13	17
3647.jpg	13	18
3648.jpg	13	20
3649.jpg	4	2
3650.jpg	4	7
3651.jpg	4	11
3652.jpg	5	8
3653.jpg	7	1
3654.jpg	7	20
3655.jpg	8	6
3656.jpg	8	9
3657.jpg	10	20
3658.jpg	11	14
3659.jpg	13	16
3660.jpg	3	5
3661.jpg	3	20
3662.jpg	13	1
3663.jpg	13	6
3664.jpg	13	9
3665.jpg	13	15
3666.jpg	13	17
3667.jpg	13	18
3668.jpg	13	20
3669.jpg	4	2
3670.jpg	4	7
3671.jpg	4	11
3672.jpg	5	8
3673.jpg	7	1
3674.jpg	7	20
3675.jpg	8	6
3676.jpg	8	9
3677.jpg	10	20
3678.jpg	11	14
3679.jpg	13	16
3680.jpg	3	5
3681.jpg	3	20
3682.jpg	13	1
3683.jpg	13	6
3684.jpg	13	9
3685.jpg	13	15
3686.jpg	13	17
3687.jpg	13	18
3688.jpg	13	20
3689.jpg	4	2
3690.jpg	4	7
3691.jpg	4	11
3692.jpg	5	8
3693.jpg	7	1
3694.jpg	7	20
3695.jpg	8	6
3696.jpg	8	9
3697.jpg	10	20
3698.jpg	11	14
3699.jpg	13	16
3700.jpg	3	5
3701.jpg	3	20
3702.jpg	13	1
3703.jpg	13	6
3704.jpg	13	9
3705.jpg	13	15
3706.jpg	13	17
3707.jpg	13	18
3708.jpg	13	20
3709.jpg	4	2
3710.jpg	4	7
3711.jpg	4	11
3712.jpg	5	8
3713.jpg	7	1
3714.jpg	7	20
3715.jpg	8	6
3716.jpg	8	9
3717.jpg	10	20
3718.jpg	11	14
3719.jpg	13	16
3720.jpg	3	5
3721.jpg	3	20
3722.jpg	13	1
3723.jpg	13	6
3724.jpg	13	9
3725.jpg	13	15
3726.jpg	13	17
3727.jpg	13	18
3728.jpg	13	20
3729.jpg	4	2
3730.jpg	4	7
3731.jpg	4	11
3732.jpg	5	8
3733.jpg	7	1
3734.jpg	7	20
3735.jpg	8	6
3736.jpg	8	9
3737.jpg	10	20
3738.jpg	11	14
3739.jpg	13	16
3740.jpg	3	5
3741.jpg	3	20
3742.jpg	13	1
3743.jpg	13	6
3744.jpg	13	9
3745.jpg	13	15
3746.jpg	13	17
3747.jpg	13	18
3748.jpg	13	20
3749.jpg	4	2
3750.jpg	4	7
3751.jpg	4	11
3752.jpg	5	8
3753.jpg	7	1
3754.jpg	7	20
3755.jpg	8	6
3756.jpg	8	9
3757.jpg	10	20
3758.jpg	11	14
3759.jpg	13	16
3760.jpg	3	5
3761.jpg	3	20
3762.jpg	13	1
3763.jpg	13	6
3764.jpg	13	9
3765.jpg	13	15
3766.jpg	13	17
3767.jpg	13	18
3768.jpg	13	20
3769.jpg	4	2
3770.jpg	4	7
3771.jpg	4	11
3772.jpg	5	8
3773.jpg	7	1
3774.jpg	7	20
3775.jpg	8	6
3776.jpg	8	9
3777.jpg	10	20
3778.jpg	11	14
3779.jpg	13	16
3780.jpg	3	5
3781.jpg	3	20
3782.jpg	13	1
3783.jpg	13	6
3784.jpg	13	9
3785.jpg	13	15
3786.jpg	13	17
3787.jpg	13	18
3788.jpg	13	20
3789.jpg	4	2
3790.jpg	4	7
3791.jpg	4	11
3792.jpg	5	8
3793.jpg	7	1
3794.jpg	7	20
3795.jpg	8	6
3796.jpg	8	9
3797.jpg	10	20
3798.jpg	11	14
3799.jpg	13	16
3800.jpg	3	5
3801.jpg	3	20
3802.jpg	13	1
3803.jpg	13	6
3804.jpg	13	9
3805.jpg	13	15
3806.jpg	13	17
3807.jpg	13	18
3808.jpg	13	20
3809.jpg	4	2
3810.jpg	4	7
3811.jpg	4	11
3812.jpg	5	8
3813.jpg	7	1
3814.jpg	7	20
3815.jpg	8	6
3816.jpg	8	9
3817.jpg	10	20
3818.jpg	11	14
3819.jpg	13	16
3820.jpg	3	5
3821.jpg	3	20
3822.jpg	13	1
3823.jpg	13	6
3824.jpg	13	9
3825.jpg	13	15
3826.jpg	13	17
3827.jpg	13	18
3828.jpg	13	20
3829.jpg	4	2
3830.jpg	4	7
3831.jpg	4	11
3832.jpg	5	8
3833.jpg	7	1
3834.jpg	7	20
3835.jpg	8	6
3836.jpg	8	9
3837.jpg	10	20
3838.jpg	11	14
3839.jpg	13	16
3840.jpg	3	5
3841.jpg	3	20
3842.jpg	13	1
3843.jpg	13	6
3844.jpg	13	9
3845.jpg	13	15
3846.jpg	13	17
3847.jpg	13	18
3848.jpg	13	20
3849.jpg	4	2
3850.jpg	4	7
3851.jpg	4	11
3852.jpg	5	8
3853.jpg	7	1
3854.jpg	7	20
3855.jpg	8	6
3856.jpg	8	9
3857.jpg	10	20
3858.jpg	11	14
3859.jpg	13	16
3860.jpg	3	5
3861.jpg	3	20
3862.jpg	13	1
3863.jpg	13	6
3864.jpg	13	9
3865.jpg	13	15
3866.jpg	13	17
3867.jpg	13	18
3868.jpg	13	20
3869.jpg	4	2
3870.jpg	4	7
3871.jpg	4	11
3872.jpg	5	8
3873.jpg	7	1
3874.jpg	7	20
3875.jpg	8	6
3876.jpg	8	9
3877.jpg	10	20
3878.jpg	11	14
3879.jpg	13	16
3880.jpg	3	5
3881.jpg	3	20
3882.jpg	13	1
3883.jpg	13	6
3884.jpg	13	9
3885.jpg	13	15
3886.jpg	13	17
3887.jpg	13	18
3888.jpg	13	20
3889.jpg	4	2
3890.jpg	4	7
3891.jpg	4	11
3892.jpg	5	8
3893.jpg	7	1
3894.jpg	7	20
3895.jpg	8	6
3896.jpg	8	9
3897.jpg	10	20
3898.jpg	11	14
3899.jpg	13	16
3900.jpg	3	5
3901.jpg	3	20
3902.jpg	13	1
3903.jpg	13	6
3904.jpg	13	9
3905.jpg	13	15
3906.jpg	13	17
3907.jpg	13	18
3908.jpg	13	20
3909.jpg	4	2
3910.jpg	4	7
3911.jpg	4	11
3912.jpg	5	8
3913.jpg	7	1
3914.jpg	7	20
3915.jpg	8	6
3916.jpg	8	9
3917.jpg	10	20
3918.jpg	11	14
3919.jpg	13	16
3920.jpg	3	5
3921.jpg	3	20
3922.jpg	13	1
3923.jpg	13	6
3924.jpg	13	9
3925.jpg	13	15
3926.jpg	13	17
3927.jpg	13	18
3928.jpg	13	20
3929.jpg	4	2
3930.jpg	4	7
3931.jpg	4	11
3932.jpg	5	8
3933.jpg	7	1
3934.jpg	7	20
3935.jpg	8	6
3936.jpg	8	9
3937.jpg	10	20
3938.jpg	11	14
3939.jpg	13	16
3940.jpg	3	5
3941.jpg	3	20
3942.jpg	13	1
3943.jpg	13	6
3944.jpg	13	9
3945.jpg	13	15
3946.jpg	13	17
3947.jpg	13	18
3948.jpg	13	20
3949.jpg	4	2
3950.jpg	4	7
3951.jpg	4	11
3952.jpg	5	8
3953.jpg	7	1
3954.jpg	7	20
3955.jpg	8	6
3956.jpg	8	9
3957.jpg	10	20
3958.jpg	11	14
3959.jpg	13	16
3960.jpg	3	5
3961.jpg	3	20
3962.jpg	13	1
3963.jpg	13	6
3964.jpg	13	9
3965.jpg	13	15
3966.jpg	13	17
3967.jpg	13	18
3968.jpg	13	20
3969.jpg	4	2
3970.jpg	4	7
3971.jpg	4	11
3972.jpg	5	8
3973.jpg	7	1
3974.jpg	7	20
3975.jpg	8	6
3976.jpg	8	9
3977.jpg	10	20
3978.jpg	11	14
3979.jpg	13	16
3980.jpg	3	5
3981.jpg	3	20
3982.jpg	13	1
3983.jpg	13	6
3984.jpg	13	9
3985.jpg	13	15
3986.jpg	13	17
3987.jpg	13	18
3988.jpg	13	20
3989.jpg	4	2
3990.jpg	4	7
3991.jpg	4	11
3992.jpg	5	8
3993.jpg	7	1
3994.jpg	7	20
3995.jpg	8	6
3996.jpg	8	9
